order_id,order_date,sku_id,sku_name,category,qty_ordered,before_discount,discount,after_discount
20000,16-04-2021,5000,Wireless Earbuds,Electronics,7,19276.04,2449.76,16826.28
20001,12-08-2021,5000,Wireless Earbuds,Electronics,5,4911.15,301.28,4609.87
20002,03-04-2021,5000,Wireless Earbuds,Electronics,5,9547.05,2112.59,7434.46
20003,15-12-2021,5000,Wireless Earbuds,Electronics,5,10950.05,403.36,10546.69
20004,14-09-2021,5000,Wireless Earbuds,Electronics,3,8059.26,442.91,7616.35
20005,14-08-2021,5000,Wireless Earbuds,Electronics,1,3372.76,127.67,3245.09
20006,19-09-2021,5000,Wireless Earbuds,Electronics,6,7736.46,777.83,6958.63
20007,19-08-2021,5000,Wireless Earbuds,Electronics,8,3042.88,126.36,2916.52
20008,16-05-2021,5000,Wireless Earbuds,Electronics,2,706.48,128.12,578.36
20009,19-11-2021,5000,Wireless Earbuds,Electronics,8,8827.2,959.8,7867.4
20010,12-11-2021,5000,Wireless Earbuds,Electronics,1,3301.17,335.92,2965.25
20011,04-10-2021,5000,Wireless Earbuds,Electronics,8,2780,546.81,2233.19
20012,24-03-2021,5000,Wireless Earbuds,Electronics,4,5931.84,1369.47,4562.37
20013,03-08-2021,5000,Wireless Earbuds,Electronics,3,4964.34,726.64,4237.7
20014,27-03-2021,5000,Wireless Earbuds,Electronics,7,21310.45,1790.86,19519.59
20015,12-07-2021,5000,Wireless Earbuds,Electronics,7,23508.8,1286.21,22222.59
20016,05-03-2021,5000,Wireless Earbuds,Electronics,4,9424.12,214.63,9209.49
20017,09-03-2022,5000,Wireless Earbuds,Electronics,5,818.55,95.24,723.31
20018,20-06-2022,5000,Wireless Earbuds,Electronics,6,20057.28,3586.51,16470.77
20019,20-09-2022,5000,Wireless Earbuds,Electronics,1,1679.76,370.09,1309.67
20020,26-11-2022,5000,Wireless Earbuds,Electronics,7,10384.71,1149.04,9235.67
20021,21-08-2022,5000,Wireless Earbuds,Electronics,7,2509.71,89.07,2420.64
20022,15-04-2022,5000,Wireless Earbuds,Electronics,3,1554.78,245.92,1308.86
20023,01-02-2022,5000,Wireless Earbuds,Electronics,3,5843.01,1392.15,4450.86
20024,01-10-2022,5000,Wireless Earbuds,Electronics,2,6158.02,992.89,5165.13
20025,21-03-2022,5000,Wireless Earbuds,Electronics,5,16754.1,2655.93,14098.17
20026,04-08-2022,5000,Wireless Earbuds,Electronics,2,5987.88,1487.47,4500.41
20027,16-08-2022,5000,Wireless Earbuds,Electronics,8,9557.68,507.96,9049.72
20028,11-12-2022,5000,Wireless Earbuds,Electronics,5,8766.9,1570.79,7196.11
20029,01-09-2022,5000,Wireless Earbuds,Electronics,4,13343.2,1888.05,11455.15
20030,23-03-2022,5000,Wireless Earbuds,Electronics,1,2689.78,238.21,2451.57
20031,28-11-2022,5000,Wireless Earbuds,Electronics,2,4964.52,397.44,4567.08
20032,06-06-2022,5000,Wireless Earbuds,Electronics,6,16415.94,2339.21,14076.73
20033,11-09-2022,5000,Wireless Earbuds,Electronics,4,8817.24,1775.19,7042.05
20034,26-04-2022,5000,Wireless Earbuds,Electronics,4,11565.68,2199.45,9366.23
20035,07-04-2022,5000,Wireless Earbuds,Electronics,8,10729.04,286.09,10442.95
20036,26-01-2022,5000,Wireless Earbuds,Electronics,5,8660,558.9,8101.1
20037,12-10-2022,5000,Wireless Earbuds,Electronics,8,22869.6,4261.05,18608.55
20038,12-06-2022,5000,Wireless Earbuds,Electronics,2,1777.1,128.26,1648.84
20039,11-04-2022,5000,Wireless Earbuds,Electronics,4,7067.56,1742.91,5324.65
20040,27-10-2022,5000,Wireless Earbuds,Electronics,1,1756.24,298.89,1457.35
20041,03-11-2022,5000,Wireless Earbuds,Electronics,2,6395.5,1278.65,5116.85
20042,16-04-2022,5000,Wireless Earbuds,Electronics,3,4810.95,799.79,4011.16
20043,26-02-2022,5000,Wireless Earbuds,Electronics,7,11911.13,2274.68,9636.45
20044,24-02-2022,5000,Wireless Earbuds,Electronics,3,2158.53,106.24,2052.29
20045,19-03-2022,5000,Wireless Earbuds,Electronics,8,22814.24,1223.3,21590.94
20046,16-10-2022,5000,Wireless Earbuds,Electronics,6,4033.86,589.37,3444.49
20047,01-01-2022,5000,Wireless Earbuds,Electronics,2,3828.1,898.58,2929.52
20048,28-07-2022,5000,Wireless Earbuds,Electronics,4,11670.48,799.89,10870.59
20049,07-05-2022,5000,Wireless Earbuds,Electronics,5,9144.45,1789.08,7355.37
20050,27-07-2021,5001,Smartphone Case,Electronics,3,1062.09,201.99,860.1
20051,22-08-2021,5001,Smartphone Case,Electronics,7,20446.44,4538.68,15907.76
20052,18-03-2021,5001,Smartphone Case,Electronics,3,5711.25,138.8,5572.45
20053,25-08-2021,5001,Smartphone Case,Electronics,3,6565.98,1303.27,5262.71
20054,06-03-2021,5001,Smartphone Case,Electronics,3,5208.6,972.94,4235.66
20055,02-09-2021,5001,Smartphone Case,Electronics,6,14614.86,2076.29,12538.57
20056,26-08-2021,5001,Smartphone Case,Electronics,2,6217.62,205.61,6012.01
20057,09-04-2021,5001,Smartphone Case,Electronics,1,2737.07,374.36,2362.71
20058,01-09-2021,5001,Smartphone Case,Electronics,2,3269.76,526.04,2743.72
20059,20-09-2021,5001,Smartphone Case,Electronics,4,9882.6,1225.83,8656.77
20060,26-09-2021,5001,Smartphone Case,Electronics,8,14807.76,1139.62,13668.14
20061,09-09-2021,5001,Smartphone Case,Electronics,4,11856,611.07,11244.93
20062,13-02-2021,5001,Smartphone Case,Electronics,8,9668.24,1685.81,7982.43
20063,03-07-2021,5001,Smartphone Case,Electronics,4,9570.92,1917.11,7653.81
20064,23-03-2022,5001,Smartphone Case,Electronics,6,3773.88,841.77,2932.11
20065,08-08-2022,5001,Smartphone Case,Electronics,2,2968.32,392.03,2576.29
20066,27-11-2022,5001,Smartphone Case,Electronics,4,2763.64,329.56,2434.08
20067,13-09-2022,5001,Smartphone Case,Electronics,6,9367.68,955.7,8411.98
20068,24-02-2022,5001,Smartphone Case,Electronics,6,1291.62,190.43,1101.19
20069,23-08-2022,5001,Smartphone Case,Electronics,1,1437.55,199.83,1237.72
20070,17-05-2022,5001,Smartphone Case,Electronics,2,1056.1,244.24,811.86
20071,04-04-2022,5001,Smartphone Case,Electronics,2,2079.28,60.52,2018.76
20072,09-03-2022,5001,Smartphone Case,Electronics,3,8688.75,1871.6,6817.15
20073,27-11-2022,5001,Smartphone Case,Electronics,5,7549.65,1082.75,6466.9
20074,19-09-2022,5001,Smartphone Case,Electronics,8,19971.2,810.36,19160.84
20075,26-01-2022,5001,Smartphone Case,Electronics,3,4724.43,173.18,4551.25
20076,21-01-2022,5001,Smartphone Case,Electronics,2,5670.92,222.64,5448.28
20077,03-04-2022,5001,Smartphone Case,Electronics,5,15201.5,1890.58,13310.92
20078,18-06-2022,5001,Smartphone Case,Electronics,7,22780.38,1859.06,20921.32
20079,02-03-2022,5001,Smartphone Case,Electronics,4,13170.88,3199.46,9971.42
20080,02-05-2022,5001,Smartphone Case,Electronics,3,2477.76,227.35,2250.41
20081,17-05-2022,5001,Smartphone Case,Electronics,4,4485.48,605.63,3879.85
20082,09-03-2022,5001,Smartphone Case,Electronics,6,17053.92,4241.9,12812.02
20083,01-01-2022,5001,Smartphone Case,Electronics,1,2605.82,382.38,2223.44
20084,17-04-2022,5001,Smartphone Case,Electronics,8,7784.24,956.08,6828.16
20085,27-11-2022,5001,Smartphone Case,Electronics,7,16445.17,2393.73,14051.44
20086,17-07-2022,5001,Smartphone Case,Electronics,5,12269.65,3017.86,9251.79
20087,07-06-2022,5001,Smartphone Case,Electronics,3,4517.22,451.44,4065.78
20088,27-01-2022,5001,Smartphone Case,Electronics,3,593.25,97.21,496.04
20089,14-05-2022,5001,Smartphone Case,Electronics,3,1006.77,174.17,832.6
20090,28-07-2022,5001,Smartphone Case,Electronics,5,10779.55,1932.96,8846.59
20091,15-01-2022,5001,Smartphone Case,Electronics,3,2033.22,249.15,1784.07
20092,12-05-2022,5001,Smartphone Case,Electronics,6,20449.74,2982.12,17467.62
20093,02-04-2022,5001,Smartphone Case,Electronics,5,4399.25,273.11,4126.14
20094,13-06-2022,5001,Smartphone Case,Electronics,2,3480.12,472.03,3008.09
20095,08-04-2022,5001,Smartphone Case,Electronics,1,454.35,94.47,359.88
20096,13-03-2022,5001,Smartphone Case,Electronics,1,1469.83,130.7,1339.13
20097,08-11-2022,5001,Smartphone Case,Electronics,2,4223.4,598.51,3624.89
20098,22-03-2022,5001,Smartphone Case,Electronics,7,18973.08,3524.36,15448.72
20099,05-08-2022,5001,Smartphone Case,Electronics,5,12879.6,2163.01,10716.59
20100,27-01-2022,5001,Smartphone Case,Electronics,7,18258.8,3776.11,14482.69
20101,17-03-2022,5001,Smartphone Case,Electronics,1,2918.47,450.42,2468.05
20102,22-12-2022,5001,Smartphone Case,Electronics,4,1740.24,51.56,1688.68
20103,13-02-2021,5002,Bluetooth Speaker,Electronics,8,16168.56,2657.89,13510.67
20104,18-11-2021,5002,Bluetooth Speaker,Electronics,4,7156.56,148.59,7007.97
20105,24-02-2021,5002,Bluetooth Speaker,Electronics,2,4717.3,166.01,4551.29
20106,16-12-2021,5002,Bluetooth Speaker,Electronics,5,14304.4,3069.88,11234.52
20107,24-04-2021,5002,Bluetooth Speaker,Electronics,4,3691.88,625.72,3066.16
20108,16-08-2021,5002,Bluetooth Speaker,Electronics,7,2849.56,653.71,2195.85
20109,25-05-2021,5002,Bluetooth Speaker,Electronics,1,2216.86,372.07,1844.79
20110,20-02-2021,5002,Bluetooth Speaker,Electronics,3,3784.32,642.78,3141.54
20111,10-12-2021,5002,Bluetooth Speaker,Electronics,3,575.31,19.53,555.78
20112,22-05-2021,5002,Bluetooth Speaker,Electronics,2,4937.64,866.13,4071.51
20113,23-05-2021,5002,Bluetooth Speaker,Electronics,5,8533.1,1085.91,7447.19
20114,18-02-2021,5002,Bluetooth Speaker,Electronics,4,4776.44,189.85,4586.59
20115,01-08-2021,5002,Bluetooth Speaker,Electronics,5,8437.75,1759.92,6677.83
20116,09-08-2021,5002,Bluetooth Speaker,Electronics,7,5970.65,1417.94,4552.71
20117,03-04-2021,5002,Bluetooth Speaker,Electronics,2,1249.66,175.62,1074.04
20118,05-06-2021,5002,Bluetooth Speaker,Electronics,5,15604.95,2836.47,12768.48
20119,16-04-2021,5002,Bluetooth Speaker,Electronics,8,11761.36,665.52,11095.84
20120,22-08-2021,5002,Bluetooth Speaker,Electronics,8,12065.2,2259.23,9805.97
20121,12-07-2021,5002,Bluetooth Speaker,Electronics,7,8462.02,1804.55,6657.47
20122,11-01-2021,5002,Bluetooth Speaker,Electronics,6,17766.12,845.84,16920.28
20123,23-04-2021,5002,Bluetooth Speaker,Electronics,1,3170.25,274.74,2895.51
20124,03-06-2021,5002,Bluetooth Speaker,Electronics,7,10199.28,2244.8,7954.48
20125,12-02-2021,5002,Bluetooth Speaker,Electronics,7,18770.15,4063.34,14706.81
20126,04-05-2021,5002,Bluetooth Speaker,Electronics,1,2946.16,252.47,2693.69
20127,08-03-2021,5002,Bluetooth Speaker,Electronics,5,8057.05,745.99,7311.06
20128,26-06-2021,5002,Bluetooth Speaker,Electronics,7,21786.03,4504.29,17281.74
20129,13-11-2021,5002,Bluetooth Speaker,Electronics,4,10242.28,321.4,9920.88
20130,14-12-2021,5002,Bluetooth Speaker,Electronics,8,17679.68,917.07,16762.61
20131,16-05-2021,5002,Bluetooth Speaker,Electronics,1,3204.88,469.59,2735.29
20132,16-03-2021,5002,Bluetooth Speaker,Electronics,7,9108.89,806.02,8302.87
20133,24-12-2021,5002,Bluetooth Speaker,Electronics,5,7554,565.74,6988.26
20134,18-08-2021,5002,Bluetooth Speaker,Electronics,7,3857.98,647.9,3210.08
20135,07-02-2021,5002,Bluetooth Speaker,Electronics,8,15950.32,1980.82,13969.5
20136,14-08-2022,5002,Bluetooth Speaker,Electronics,3,5955.24,453.43,5501.81
20137,11-03-2022,5002,Bluetooth Speaker,Electronics,2,2439.22,255.41,2183.81
20138,07-10-2022,5002,Bluetooth Speaker,Electronics,1,2661.35,305.89,2355.46
20139,24-07-2022,5002,Bluetooth Speaker,Electronics,4,5650,552.49,5097.51
20140,16-01-2022,5002,Bluetooth Speaker,Electronics,5,10369.2,1066.3,9302.9
20141,17-11-2022,5002,Bluetooth Speaker,Electronics,4,1840.8,416.5,1424.3
20142,13-07-2022,5002,Bluetooth Speaker,Electronics,8,12773.2,1172.12,11601.08
20143,05-01-2022,5002,Bluetooth Speaker,Electronics,1,1574.42,308.03,1266.39
20144,19-08-2022,5002,Bluetooth Speaker,Electronics,8,1204.8,132.59,1072.21
20145,28-09-2022,5002,Bluetooth Speaker,Electronics,8,27256.08,2102.73,25153.35
20146,08-02-2022,5002,Bluetooth Speaker,Electronics,3,1978.29,481.78,1496.51
20147,27-02-2022,5002,Bluetooth Speaker,Electronics,8,3478.08,691.02,2787.06
20148,26-01-2022,5002,Bluetooth Speaker,Electronics,3,2787.39,645.51,2141.88
20149,23-11-2022,5002,Bluetooth Speaker,Electronics,5,16870.8,2768.31,14102.49
20150,21-09-2022,5002,Bluetooth Speaker,Electronics,7,17431.75,798.21,16633.54
20151,10-02-2022,5002,Bluetooth Speaker,Electronics,4,5800.28,414.28,5386
20152,01-10-2022,5002,Bluetooth Speaker,Electronics,1,1950.55,486.01,1464.54
20153,11-05-2022,5002,Bluetooth Speaker,Electronics,4,6969.08,515.69,6453.39
20154,01-04-2022,5002,Bluetooth Speaker,Electronics,7,17574.13,1594,15980.13
20155,07-01-2022,5002,Bluetooth Speaker,Electronics,8,24913.92,4206.68,20707.24
20156,09-02-2022,5002,Bluetooth Speaker,Electronics,4,9542.56,2221.38,7321.18
20157,16-04-2022,5002,Bluetooth Speaker,Electronics,1,2481.01,459.52,2021.49
20158,22-06-2022,5002,Bluetooth Speaker,Electronics,7,5694.99,1157.93,4537.06
20159,28-12-2022,5002,Bluetooth Speaker,Electronics,2,1674.96,407.13,1267.83
20160,25-05-2022,5002,Bluetooth Speaker,Electronics,4,3692.84,261.94,3430.9
20161,04-05-2022,5002,Bluetooth Speaker,Electronics,8,17550.64,3969.77,13580.87
20162,14-08-2022,5002,Bluetooth Speaker,Electronics,1,3328.35,178.63,3149.72
20163,02-07-2022,5002,Bluetooth Speaker,Electronics,4,916.64,144.01,772.63
20164,23-01-2021,5003,Power Bank,Electronics,1,766.75,94.63,672.12
20165,11-12-2021,5003,Power Bank,Electronics,2,6983.44,1635.99,5347.45
20166,07-06-2021,5003,Power Bank,Electronics,3,7007.31,985.95,6021.36
20167,02-08-2021,5003,Power Bank,Electronics,5,11879.2,1272.05,10607.15
20168,11-06-2021,5003,Power Bank,Electronics,8,5736.16,118.51,5617.65
20169,03-05-2021,5003,Power Bank,Electronics,6,9345.66,2089.59,7256.07
20170,25-09-2021,5003,Power Bank,Electronics,4,5693.72,1120.57,4573.15
20171,27-05-2021,5003,Power Bank,Electronics,7,3108,566.31,2541.69
20172,12-04-2021,5003,Power Bank,Electronics,8,6373.12,661.38,5711.74
20173,01-08-2021,5003,Power Bank,Electronics,7,6865.88,1124.93,5740.95
20174,02-07-2021,5003,Power Bank,Electronics,7,1867.32,64.22,1803.1
20175,09-01-2021,5003,Power Bank,Electronics,4,10613.64,2405.76,8207.88
20176,12-06-2021,5003,Power Bank,Electronics,5,6360.75,1522.54,4838.21
20177,09-01-2021,5003,Power Bank,Electronics,6,19476.96,1721.83,17755.13
20178,25-12-2021,5003,Power Bank,Electronics,2,462.52,34.13,428.39
20179,23-08-2021,5003,Power Bank,Electronics,8,26764.8,2914.64,23850.16
20180,14-05-2021,5003,Power Bank,Electronics,8,4756.56,638.35,4118.21
20181,26-01-2021,5003,Power Bank,Electronics,5,14531.15,2873.48,11657.67
20182,08-10-2021,5003,Power Bank,Electronics,6,18210.96,2294.21,15916.75
20183,03-10-2021,5003,Power Bank,Electronics,4,5848.6,332.12,5516.48
20184,03-07-2021,5003,Power Bank,Electronics,1,1763.66,256.19,1507.47
20185,14-03-2021,5003,Power Bank,Electronics,2,6918.42,559.87,6358.55
20186,07-02-2021,5003,Power Bank,Electronics,2,3121.1,771.97,2349.13
20187,06-08-2021,5003,Power Bank,Electronics,4,2381.28,300.07,2081.21
20188,08-11-2021,5003,Power Bank,Electronics,2,5524.32,483.94,5040.38
20189,19-05-2021,5003,Power Bank,Electronics,5,6997.25,1327.77,5669.48
20190,15-04-2021,5003,Power Bank,Electronics,4,3088.88,229.09,2859.79
20191,19-05-2021,5003,Power Bank,Electronics,4,4972.92,552.47,4420.45
20192,21-04-2022,5003,Power Bank,Electronics,2,4677.28,1159.59,3517.69
20193,01-02-2022,5003,Power Bank,Electronics,8,24859.68,1818.64,23041.04
20194,12-08-2022,5003,Power Bank,Electronics,1,3087.56,227.14,2860.42
20195,07-01-2022,5003,Power Bank,Electronics,4,13064.32,1379.78,11684.54
20196,15-03-2022,5003,Power Bank,Electronics,5,13731.2,2374.04,11357.16
20197,04-01-2022,5003,Power Bank,Electronics,6,5274.66,552.8,4721.86
20198,07-01-2021,5004,USB Cable,Electronics,5,1390.45,261.98,1128.47
20199,27-04-2021,5004,USB Cable,Electronics,1,2893.09,330.01,2563.08
20200,06-06-2021,5004,USB Cable,Electronics,5,2055.4,55.98,1999.42
20201,18-08-2021,5004,USB Cable,Electronics,8,2895.68,125.44,2770.24
20202,22-07-2021,5004,USB Cable,Electronics,3,6873.78,281.59,6592.19
20203,13-03-2021,5004,USB Cable,Electronics,5,7613.95,648.4,6965.55
20204,14-05-2021,5004,USB Cable,Electronics,1,1196.41,179.82,1016.59
20205,14-06-2021,5004,USB Cable,Electronics,7,1477.07,290,1187.07
20206,21-06-2021,5004,USB Cable,Electronics,4,5835.8,660.29,5175.51
20207,14-01-2021,5004,USB Cable,Electronics,3,4708.74,982.64,3726.1
20208,19-07-2021,5004,USB Cable,Electronics,6,10164.24,583.28,9580.96
20209,02-01-2021,5004,USB Cable,Electronics,3,6888.69,1579.25,5309.44
20210,19-02-2021,5004,USB Cable,Electronics,6,15718.68,935.07,14783.61
20211,10-06-2021,5004,USB Cable,Electronics,3,5687.64,1324.45,4363.19
20212,13-02-2021,5004,USB Cable,Electronics,8,21395.28,4325.98,17069.3
20213,10-04-2021,5004,USB Cable,Electronics,3,8864.79,265.98,8598.81
20214,11-08-2021,5004,USB Cable,Electronics,1,2185.61,363.61,1822
20215,23-02-2021,5004,USB Cable,Electronics,3,6885.27,1494.21,5391.06
20216,13-10-2021,5004,USB Cable,Electronics,4,11711.12,727.05,10984.07
20217,06-09-2022,5004,USB Cable,Electronics,7,9473.45,515.14,8958.31
20218,27-12-2022,5004,USB Cable,Electronics,4,1150.72,171.85,978.87
20219,02-11-2022,5004,USB Cable,Electronics,6,3266.4,515.73,2750.67
20220,21-05-2021,5005,Denim Jacket,Clothing,7,8277.57,640.1,7637.47
20221,22-07-2021,5005,Denim Jacket,Clothing,6,9880.44,1193.77,8686.67
20222,01-01-2021,5005,Denim Jacket,Clothing,8,13669.36,1678.16,11991.2
20223,25-10-2021,5005,Denim Jacket,Clothing,8,23619.44,4875.57,18743.87
20224,04-07-2021,5005,Denim Jacket,Clothing,2,1160.66,138.16,1022.5
20225,26-02-2021,5005,Denim Jacket,Clothing,8,14716.4,2518.45,12197.95
20226,21-01-2021,5005,Denim Jacket,Clothing,3,1276.53,240.88,1035.65
20227,17-12-2021,5005,Denim Jacket,Clothing,2,663.58,90.18,573.4
20228,21-07-2021,5005,Denim Jacket,Clothing,3,709.86,25.04,684.82
20229,24-10-2021,5005,Denim Jacket,Clothing,2,1597.84,392.75,1205.09
20230,10-08-2021,5005,Denim Jacket,Clothing,3,7345.65,1365.18,5980.47
20231,03-04-2021,5005,Denim Jacket,Clothing,6,13169.94,1027.4,12142.54
20232,20-06-2021,5005,Denim Jacket,Clothing,5,15909.8,1988.29,13921.51
20233,17-05-2021,5005,Denim Jacket,Clothing,8,6783.04,545.76,6237.28
20234,08-09-2021,5005,Denim Jacket,Clothing,6,8382.54,551.21,7831.33
20235,06-07-2021,5005,Denim Jacket,Clothing,5,12134.65,2741.76,9392.89
20236,26-03-2021,5005,Denim Jacket,Clothing,5,2677.55,380.39,2297.16
20237,28-11-2021,5005,Denim Jacket,Clothing,6,20319.72,2523.69,17796.03
20238,19-09-2021,5005,Denim Jacket,Clothing,2,1988.62,284.79,1703.83
20239,24-07-2021,5005,Denim Jacket,Clothing,6,6221.58,1541.8,4679.78
20240,05-10-2021,5005,Denim Jacket,Clothing,6,7549.68,292.31,7257.37
20241,06-04-2021,5005,Denim Jacket,Clothing,1,1142.88,158.52,984.36
20242,21-05-2021,5005,Denim Jacket,Clothing,6,15634.08,2999.2,12634.88
20243,05-04-2021,5005,Denim Jacket,Clothing,5,11068.85,1321.77,9747.08
20244,12-09-2021,5005,Denim Jacket,Clothing,1,592.28,42.8,549.48
20245,02-11-2021,5005,Denim Jacket,Clothing,1,332.22,49.98,282.24
20246,04-05-2021,5005,Denim Jacket,Clothing,6,11635.68,1338.63,10297.05
20247,19-05-2021,5005,Denim Jacket,Clothing,3,2502.06,409.1,2092.96
20248,06-08-2021,5005,Denim Jacket,Clothing,3,591.84,120.94,470.9
20249,05-12-2021,5005,Denim Jacket,Clothing,8,3767.6,628.39,3139.21
20250,26-11-2021,5005,Denim Jacket,Clothing,5,7482.7,604.42,6878.28
20251,02-01-2021,5005,Denim Jacket,Clothing,6,12853.98,1967.28,10886.7
20252,17-10-2021,5005,Denim Jacket,Clothing,8,7859.76,1790.5,6069.26
20253,02-01-2021,5005,Denim Jacket,Clothing,1,1510.06,112.75,1397.31
20254,25-01-2021,5005,Denim Jacket,Clothing,2,382.74,56.15,326.59
20255,17-04-2022,5005,Denim Jacket,Clothing,7,20123.81,1210.79,18913.02
20256,03-05-2022,5005,Denim Jacket,Clothing,5,11234.9,2793.38,8441.52
20257,26-12-2022,5005,Denim Jacket,Clothing,8,20372.72,437.21,19935.51
20258,24-07-2022,5005,Denim Jacket,Clothing,8,3356.8,573.25,2783.55
20259,08-03-2022,5005,Denim Jacket,Clothing,2,2051.56,344.92,1706.64
20260,11-02-2022,5005,Denim Jacket,Clothing,5,12670.7,1028.57,11642.13
20261,22-09-2022,5005,Denim Jacket,Clothing,7,17130.47,3956.68,13173.79
20262,10-05-2022,5005,Denim Jacket,Clothing,4,1744.64,238.51,1506.13
20263,09-03-2022,5005,Denim Jacket,Clothing,4,11879.08,791.6,11087.48
20264,24-03-2022,5005,Denim Jacket,Clothing,6,4757.94,520.53,4237.41
20265,08-10-2022,5005,Denim Jacket,Clothing,7,22332.45,3686.2,18646.25
20266,22-12-2022,5005,Denim Jacket,Clothing,8,13853.36,1967.76,11885.6
20267,28-01-2022,5005,Denim Jacket,Clothing,1,1614.67,301.4,1313.27
20268,10-10-2022,5005,Denim Jacket,Clothing,4,5846.96,904.09,4942.87
20269,06-10-2022,5005,Denim Jacket,Clothing,3,780.78,35.71,745.07
20270,06-10-2022,5005,Denim Jacket,Clothing,6,20545.92,3722.31,16823.61
20271,02-01-2022,5005,Denim Jacket,Clothing,3,7410.87,1228.66,6182.21
20272,03-12-2022,5005,Denim Jacket,Clothing,1,370.31,57.7,312.61
20273,27-04-2021,5006,Cotton T-Shirt,Clothing,2,6194.08,1200.58,4993.5
20274,13-12-2021,5006,Cotton T-Shirt,Clothing,2,1952.06,130.25,1821.81
20275,02-01-2021,5006,Cotton T-Shirt,Clothing,2,5827.9,963.08,4864.82
20276,16-05-2021,5006,Cotton T-Shirt,Clothing,2,1188.78,240.31,948.47
20277,07-11-2021,5006,Cotton T-Shirt,Clothing,5,6095.6,716.03,5379.57
20278,12-01-2021,5006,Cotton T-Shirt,Clothing,5,16329.15,508.39,15820.76
20279,11-06-2021,5006,Cotton T-Shirt,Clothing,8,24016.88,3895.62,20121.26
20280,26-01-2021,5006,Cotton T-Shirt,Clothing,7,1782.76,248.31,1534.45
20281,12-02-2021,5006,Cotton T-Shirt,Clothing,8,20084.88,2886.45,17198.43
20282,23-04-2021,5006,Cotton T-Shirt,Clothing,2,4149.42,357,3792.42
20283,01-07-2021,5006,Cotton T-Shirt,Clothing,4,4463.68,859.79,3603.89
20284,01-01-2021,5006,Cotton T-Shirt,Clothing,6,10765.56,1432.26,9333.3
20285,16-03-2021,5006,Cotton T-Shirt,Clothing,6,20139.84,2789.01,17350.83
20286,06-10-2021,5006,Cotton T-Shirt,Clothing,5,14405.3,3396.86,11008.44
20287,16-04-2021,5006,Cotton T-Shirt,Clothing,3,1554.72,258.71,1296.01
20288,16-02-2021,5006,Cotton T-Shirt,Clothing,2,4507.14,458.79,4048.35
20289,13-07-2021,5006,Cotton T-Shirt,Clothing,2,3128.28,527.27,2601.01
20290,07-06-2021,5006,Cotton T-Shirt,Clothing,5,5158.5,1172.42,3986.08
20291,06-09-2021,5006,Cotton T-Shirt,Clothing,7,24087.49,3976.15,20111.34
20292,05-08-2021,5006,Cotton T-Shirt,Clothing,1,1317.43,125.33,1192.1
20293,28-03-2021,5006,Cotton T-Shirt,Clothing,8,18944.32,3611.87,15332.45
20294,15-03-2021,5006,Cotton T-Shirt,Clothing,8,19666.88,1556.81,18110.07
20295,05-04-2021,5006,Cotton T-Shirt,Clothing,6,10186.56,2277.5,7909.06
20296,17-04-2021,5006,Cotton T-Shirt,Clothing,4,4184.28,810.03,3374.25
20297,05-10-2021,5006,Cotton T-Shirt,Clothing,3,10246.41,1909.18,8337.23
20298,17-10-2021,5006,Cotton T-Shirt,Clothing,6,4134.6,394.68,3739.92
20299,04-12-2022,5006,Cotton T-Shirt,Clothing,3,10121.97,439.06,9682.91
20300,05-07-2022,5006,Cotton T-Shirt,Clothing,3,8438.61,1592.01,6846.6
20301,09-07-2022,5006,Cotton T-Shirt,Clothing,4,2064.32,474.01,1590.31
20302,07-05-2022,5006,Cotton T-Shirt,Clothing,7,11928.84,273.19,11655.65
20303,17-04-2021,5007,Running Shoes,Clothing,5,8509.95,447.77,8062.18
20304,24-10-2021,5007,Running Shoes,Clothing,7,1179.36,89.31,1090.05
20305,23-07-2021,5007,Running Shoes,Clothing,7,20888.56,3626.59,17261.97
20306,25-11-2021,5007,Running Shoes,Clothing,4,9706.6,1626.38,8080.22
20307,14-08-2021,5007,Running Shoes,Clothing,6,6122.16,1109.03,5013.13
20308,08-07-2021,5007,Running Shoes,Clothing,7,17773.35,2929.25,14844.1
20309,28-05-2021,5007,Running Shoes,Clothing,7,12370.33,303.34,12066.99
20310,17-07-2021,5007,Running Shoes,Clothing,3,9439.68,901.04,8538.64
20311,13-01-2021,5007,Running Shoes,Clothing,8,25539.52,1135.68,24403.84
20312,18-05-2021,5007,Running Shoes,Clothing,4,2755.28,550.54,2204.74
20313,17-04-2021,5007,Running Shoes,Clothing,6,2931.84,446.08,2485.76
20314,07-09-2021,5007,Running Shoes,Clothing,8,14926.72,2493.21,12433.51
20315,17-06-2021,5007,Running Shoes,Clothing,6,9148.02,2177.54,6970.48
20316,22-04-2021,5007,Running Shoes,Clothing,3,4394.55,858.79,3535.76
20317,24-02-2021,5007,Running Shoes,Clothing,6,13715.16,1070.68,12644.48
20318,13-07-2021,5007,Running Shoes,Clothing,1,194.58,22.62,171.96
20319,21-07-2021,5007,Running Shoes,Clothing,6,12561.54,566.9,11994.64
20320,24-05-2021,5007,Running Shoes,Clothing,7,23091.39,3261.14,19830.25
20321,26-04-2021,5007,Running Shoes,Clothing,7,11886.63,687.55,11199.08
20322,26-02-2021,5007,Running Shoes,Clothing,4,6886.72,1028,5858.72
20323,27-04-2021,5007,Running Shoes,Clothing,3,3998.97,667.52,3331.45
20324,15-07-2021,5007,Running Shoes,Clothing,5,13478.1,2283.32,11194.78
20325,12-08-2021,5007,Running Shoes,Clothing,4,4183.48,445.6,3737.88
20326,14-05-2021,5007,Running Shoes,Clothing,3,5289.78,1085.73,4204.05
20327,12-05-2021,5007,Running Shoes,Clothing,4,9369,877.63,8491.37
20328,20-07-2022,5007,Running Shoes,Clothing,2,4717.08,487.55,4229.53
20329,28-05-2022,5007,Running Shoes,Clothing,7,2388.12,502.5,1885.62
20330,26-06-2022,5007,Running Shoes,Clothing,3,5783.01,574.74,5208.27
20331,01-10-2022,5007,Running Shoes,Clothing,1,852.66,31.17,821.49
20332,09-05-2022,5007,Running Shoes,Clothing,2,4175.86,903.91,3271.95
20333,25-03-2022,5007,Running Shoes,Clothing,8,10484.72,577.86,9906.86
20334,26-07-2022,5007,Running Shoes,Clothing,3,6575.61,1172.08,5403.53
20335,22-02-2022,5007,Running Shoes,Clothing,5,4055.95,727.4,3328.55
20336,03-09-2022,5007,Running Shoes,Clothing,8,19188.96,900.07,18288.89
20337,09-02-2022,5007,Running Shoes,Clothing,7,6541.43,340.47,6200.96
20338,18-08-2022,5007,Running Shoes,Clothing,1,1772.64,404.62,1368.02
20339,16-12-2022,5007,Running Shoes,Clothing,4,7275.56,1048.37,6227.19
20340,01-12-2022,5007,Running Shoes,Clothing,3,8899.71,1135.88,7763.83
20341,16-10-2022,5007,Running Shoes,Clothing,5,14829.5,1575.49,13254.01
20342,22-07-2022,5007,Running Shoes,Clothing,2,1509.48,155.3,1354.18
20343,01-11-2022,5007,Running Shoes,Clothing,1,2192.41,388.05,1804.36
20344,26-06-2022,5007,Running Shoes,Clothing,2,3721.2,489.25,3231.95
20345,02-03-2022,5007,Running Shoes,Clothing,4,10223.68,1674.78,8548.9
20346,04-06-2022,5007,Running Shoes,Clothing,6,7760.34,1544.78,6215.56
20347,25-09-2022,5007,Running Shoes,Clothing,4,4407.64,434.81,3972.83
20348,18-05-2022,5007,Running Shoes,Clothing,1,2919.53,255.06,2664.47
20349,13-08-2022,5007,Running Shoes,Clothing,6,11025.36,909.49,10115.87
20350,12-09-2022,5007,Running Shoes,Clothing,4,9371.08,1894.35,7476.73
20351,07-06-2022,5007,Running Shoes,Clothing,6,15234.96,751.71,14483.25
20352,03-11-2022,5007,Running Shoes,Clothing,1,1486.24,219.2,1267.04
20353,18-07-2022,5007,Running Shoes,Clothing,1,1484.91,66.75,1418.16
20354,07-01-2022,5007,Running Shoes,Clothing,8,17512.8,3000.7,14512.1
20355,18-09-2022,5007,Running Shoes,Clothing,7,15511.58,2546.49,12965.09
20356,23-12-2022,5007,Running Shoes,Clothing,2,1723.76,298.92,1424.84
20357,21-08-2022,5007,Running Shoes,Clothing,3,1468.68,90.62,1378.06
20358,21-02-2021,5008,Winter Hoodie,Clothing,1,1385.71,289.89,1095.82
20359,18-05-2021,5008,Winter Hoodie,Clothing,5,15196.05,949.73,14246.32
20360,11-01-2021,5008,Winter Hoodie,Clothing,1,1592.76,266.96,1325.8
20361,16-01-2021,5008,Winter Hoodie,Clothing,1,2912.93,576.67,2336.26
20362,19-07-2021,5008,Winter Hoodie,Clothing,7,11519.76,267.83,11251.93
20363,20-07-2021,5008,Winter Hoodie,Clothing,3,5228.25,600.5,4627.75
20364,03-02-2021,5008,Winter Hoodie,Clothing,8,6889.04,378.25,6510.79
20365,14-01-2021,5008,Winter Hoodie,Clothing,1,181.25,31.53,149.72
20366,07-02-2021,5008,Winter Hoodie,Clothing,2,1164.08,28.04,1136.04
20367,19-12-2021,5008,Winter Hoodie,Clothing,4,6640.4,1269.43,5370.97
20368,25-06-2022,5008,Winter Hoodie,Clothing,3,7783.71,306.57,7477.14
20369,18-11-2022,5008,Winter Hoodie,Clothing,8,13543.52,3175.14,10368.38
20370,02-05-2022,5008,Winter Hoodie,Clothing,1,188.19,4.4,183.79
20371,22-11-2022,5008,Winter Hoodie,Clothing,2,2905.96,266.98,2638.98
20372,06-10-2022,5008,Winter Hoodie,Clothing,8,17519.84,1624.87,15894.97
20373,24-10-2022,5008,Winter Hoodie,Clothing,8,13790.72,803.84,12986.88
20374,12-02-2022,5008,Winter Hoodie,Clothing,3,6778.56,787.21,5991.35
20375,25-07-2022,5008,Winter Hoodie,Clothing,8,26523.92,5317.08,21206.84
20376,11-10-2022,5008,Winter Hoodie,Clothing,5,5438.45,886.6,4551.85
20377,23-11-2022,5008,Winter Hoodie,Clothing,6,18378.12,3435.11,14943.01
20378,27-01-2022,5008,Winter Hoodie,Clothing,3,6491.43,590.57,5900.86
20379,08-07-2022,5008,Winter Hoodie,Clothing,7,10133.55,1079.49,9054.06
20380,26-04-2022,5008,Winter Hoodie,Clothing,8,8792.72,179.26,8613.46
20381,09-05-2022,5008,Winter Hoodie,Clothing,7,4738.23,1098.02,3640.21
20382,10-01-2022,5008,Winter Hoodie,Clothing,3,8608.11,1889.11,6719
20383,05-10-2022,5008,Winter Hoodie,Clothing,5,17087.45,3475.07,13612.38
20384,25-11-2021,5009,Formal Shirt,Clothing,8,10495.68,415.26,10080.42
20385,16-09-2021,5009,Formal Shirt,Clothing,7,5750.08,1107.13,4642.95
20386,10-04-2021,5009,Formal Shirt,Clothing,1,2420.17,307.42,2112.75
20387,09-04-2021,5009,Formal Shirt,Clothing,1,2802.08,352.32,2449.76
20388,18-02-2021,5009,Formal Shirt,Clothing,6,16420.56,1207.88,15212.68
20389,17-10-2021,5009,Formal Shirt,Clothing,5,15575.3,2180.97,13394.33
20390,17-08-2021,5009,Formal Shirt,Clothing,4,3134.64,201.34,2933.3
20391,26-03-2021,5009,Formal Shirt,Clothing,5,6827.35,1022.87,5804.48
20392,25-07-2021,5009,Formal Shirt,Clothing,3,2925.36,679.27,2246.09
20393,12-08-2021,5009,Formal Shirt,Clothing,2,2790.18,353.21,2436.97
20394,05-02-2021,5009,Formal Shirt,Clothing,6,12903.96,1281.78,11622.18
20395,20-09-2021,5009,Formal Shirt,Clothing,1,465.18,31.2,433.98
20396,16-10-2021,5009,Formal Shirt,Clothing,4,4105.4,817.85,3287.55
20397,04-07-2021,5009,Formal Shirt,Clothing,8,21762.24,4533.75,17228.49
20398,09-03-2021,5009,Formal Shirt,Clothing,1,1285.12,319.69,965.43
20399,03-07-2021,5009,Formal Shirt,Clothing,1,320.84,47.55,273.29
20400,15-12-2021,5009,Formal Shirt,Clothing,8,26585.12,6095.48,20489.64
20401,28-02-2021,5009,Formal Shirt,Clothing,7,22674.54,4137.35,18537.19
20402,09-02-2021,5009,Formal Shirt,Clothing,6,12246,2049.31,10196.69
20403,17-11-2021,5009,Formal Shirt,Clothing,7,5333.65,1149.03,4184.62
20404,08-06-2021,5009,Formal Shirt,Clothing,4,2906.48,687.66,2218.82
20405,02-06-2021,5009,Formal Shirt,Clothing,1,2954.68,91.06,2863.62
20406,23-09-2021,5009,Formal Shirt,Clothing,8,2694.56,143.63,2550.93
20407,07-01-2021,5009,Formal Shirt,Clothing,5,10628.9,1291.35,9337.55
20408,04-11-2021,5009,Formal Shirt,Clothing,8,9881.04,781.71,9099.33
20409,12-02-2021,5009,Formal Shirt,Clothing,8,11374.48,1382.21,9992.27
20410,22-03-2021,5009,Formal Shirt,Clothing,1,1717.46,394.84,1322.62
20411,06-01-2021,5009,Formal Shirt,Clothing,4,1642.32,266.53,1375.79
20412,24-06-2021,5009,Formal Shirt,Clothing,3,8272.08,1988.02,6284.06
20413,27-07-2021,5009,Formal Shirt,Clothing,1,2255.04,279.71,1975.33
20414,11-06-2021,5009,Formal Shirt,Clothing,4,6999,1151.21,5847.79
20415,11-03-2021,5009,Formal Shirt,Clothing,4,10463.24,643.02,9820.22
20416,15-03-2022,5009,Formal Shirt,Clothing,3,3127.29,358.73,2768.56
20417,01-03-2022,5009,Formal Shirt,Clothing,5,10314.1,909.77,9404.33
20418,09-03-2022,5009,Formal Shirt,Clothing,8,4127.6,515.63,3611.97
20419,04-08-2022,5009,Formal Shirt,Clothing,3,10285.14,340.19,9944.95
20420,07-11-2022,5009,Formal Shirt,Clothing,8,23585.6,1118.28,22467.32
20421,12-04-2022,5009,Formal Shirt,Clothing,7,24289.44,6061.67,18227.77
20422,04-04-2022,5009,Formal Shirt,Clothing,7,7837.13,1772.18,6064.95
20423,27-01-2022,5009,Formal Shirt,Clothing,5,3167.9,529.53,2638.37
20424,26-08-2022,5009,Formal Shirt,Clothing,6,11166.78,1361.14,9805.64
20425,10-09-2021,5010,Electric Kettle,Home Appliances,3,4068.99,119.33,3949.66
20426,07-07-2021,5010,Electric Kettle,Home Appliances,5,10319.95,534.13,9785.82
20427,17-03-2021,5010,Electric Kettle,Home Appliances,4,10135.68,661.29,9474.39
20428,27-02-2021,5010,Electric Kettle,Home Appliances,2,6258.48,1177.19,5081.29
20429,06-05-2021,5010,Electric Kettle,Home Appliances,4,2436.36,424.11,2012.25
20430,26-11-2021,5010,Electric Kettle,Home Appliances,4,8411.32,559.58,7851.74
20431,23-02-2021,5010,Electric Kettle,Home Appliances,7,20773.06,4793.11,15979.95
20432,26-09-2021,5010,Electric Kettle,Home Appliances,6,7637.88,1631.75,6006.13
20433,03-08-2021,5010,Electric Kettle,Home Appliances,1,1521.88,297.51,1224.37
20434,28-03-2021,5010,Electric Kettle,Home Appliances,5,4909.7,734.1,4175.6
20435,02-06-2021,5010,Electric Kettle,Home Appliances,3,7507.68,1142.91,6364.77
20436,12-01-2021,5010,Electric Kettle,Home Appliances,8,27162.08,988.93,26173.15
20437,23-06-2021,5010,Electric Kettle,Home Appliances,4,11541.56,2528.28,9013.28
20438,25-06-2021,5010,Electric Kettle,Home Appliances,7,14564.48,3299.58,11264.9
20439,28-05-2021,5010,Electric Kettle,Home Appliances,2,6692.14,895.44,5796.7
20440,01-09-2021,5010,Electric Kettle,Home Appliances,3,657.9,159.55,498.35
20441,20-04-2021,5010,Electric Kettle,Home Appliances,3,2137.2,196.07,1941.13
20442,27-09-2021,5010,Electric Kettle,Home Appliances,1,215.16,50.14,165.02
20443,07-12-2021,5010,Electric Kettle,Home Appliances,5,1046.25,165.16,881.09
20444,15-10-2021,5010,Electric Kettle,Home Appliances,4,10015.44,437.26,9578.18
20445,23-02-2021,5010,Electric Kettle,Home Appliances,3,903.96,43.66,860.3
20446,19-08-2021,5010,Electric Kettle,Home Appliances,5,2593.15,124.35,2468.8
20447,18-03-2021,5010,Electric Kettle,Home Appliances,4,12138.6,653.79,11484.81
20448,15-10-2021,5010,Electric Kettle,Home Appliances,7,4903.36,1029.62,3873.74
20449,13-11-2021,5010,Electric Kettle,Home Appliances,7,15050.56,2387.65,12662.91
20450,13-01-2021,5010,Electric Kettle,Home Appliances,1,2752.64,269.39,2483.25
20451,27-04-2021,5010,Electric Kettle,Home Appliances,6,15282.12,3268.78,12013.34
20452,26-10-2021,5010,Electric Kettle,Home Appliances,6,17282.34,3714.93,13567.41
20453,11-01-2021,5010,Electric Kettle,Home Appliances,3,10076.49,2366.93,7709.56
20454,22-07-2022,5010,Electric Kettle,Home Appliances,1,1370.85,194.78,1176.07
20455,11-02-2022,5010,Electric Kettle,Home Appliances,7,5758.41,1001.4,4757.01
20456,05-04-2022,5010,Electric Kettle,Home Appliances,7,23789.36,4724.88,19064.48
20457,21-08-2022,5010,Electric Kettle,Home Appliances,1,2861.05,639.18,2221.87
20458,02-01-2022,5010,Electric Kettle,Home Appliances,5,16125.3,2634.85,13490.45
20459,18-11-2022,5010,Electric Kettle,Home Appliances,1,2231.21,173.22,2057.99
20460,01-09-2022,5010,Electric Kettle,Home Appliances,7,6599.53,191.82,6407.71
20461,10-02-2022,5010,Electric Kettle,Home Appliances,6,13915.14,663.58,13251.56
20462,17-10-2022,5010,Electric Kettle,Home Appliances,5,2164.95,337.21,1827.74
20463,15-03-2022,5010,Electric Kettle,Home Appliances,2,3727.94,833.54,2894.4
20464,19-07-2022,5010,Electric Kettle,Home Appliances,5,5341.4,1010.94,4330.46
20465,18-12-2022,5010,Electric Kettle,Home Appliances,5,14815.75,2374.8,12440.95
20466,08-10-2022,5010,Electric Kettle,Home Appliances,7,5767.93,1057.74,4710.19
20467,18-08-2022,5010,Electric Kettle,Home Appliances,5,11014.4,1408.32,9606.08
20468,01-05-2022,5010,Electric Kettle,Home Appliances,4,5071.12,321.64,4749.48
20469,13-09-2022,5010,Electric Kettle,Home Appliances,7,1328.53,134.33,1194.2
20470,11-04-2022,5010,Electric Kettle,Home Appliances,6,10777.26,921.55,9855.71
20471,10-04-2022,5010,Electric Kettle,Home Appliances,1,2736.63,154.54,2582.09
20472,20-02-2022,5010,Electric Kettle,Home Appliances,6,9743.7,333.86,9409.84
20473,27-07-2022,5010,Electric Kettle,Home Appliances,8,10690.24,2089.46,8600.78
20474,08-09-2022,5010,Electric Kettle,Home Appliances,3,4638.36,805.66,3832.7
20475,22-03-2022,5010,Electric Kettle,Home Appliances,4,8858.36,1908.96,6949.4
20476,25-12-2021,5011,Mixer Grinder,Home Appliances,8,8400.72,1386.57,7014.15
20477,23-11-2021,5011,Mixer Grinder,Home Appliances,3,4600.98,201.39,4399.59
20478,25-07-2021,5011,Mixer Grinder,Home Appliances,2,3635.82,877.8,2758.02
20479,05-10-2021,5011,Mixer Grinder,Home Appliances,7,20981.24,1767.48,19213.76
20480,20-10-2021,5011,Mixer Grinder,Home Appliances,2,2843.06,352.61,2490.45
20481,10-08-2021,5011,Mixer Grinder,Home Appliances,6,6787.68,745.68,6042
20482,20-09-2021,5011,Mixer Grinder,Home Appliances,7,16250.29,350.28,15900.01
20483,28-12-2021,5011,Mixer Grinder,Home Appliances,8,11402.08,1014.84,10387.24
20484,10-09-2021,5011,Mixer Grinder,Home Appliances,3,4828.23,515.22,4313.01
20485,03-04-2021,5011,Mixer Grinder,Home Appliances,6,7409.7,1585.53,5824.17
20486,11-04-2021,5011,Mixer Grinder,Home Appliances,4,13626.4,3065.78,10560.62
20487,01-01-2021,5011,Mixer Grinder,Home Appliances,1,1009.44,228.19,781.25
20488,18-05-2021,5011,Mixer Grinder,Home Appliances,5,9769.85,2438.7,7331.15
20489,27-09-2021,5011,Mixer Grinder,Home Appliances,7,10184.16,1041.57,9142.59
20490,22-10-2021,5011,Mixer Grinder,Home Appliances,6,10006.62,224.02,9782.6
20491,17-02-2021,5011,Mixer Grinder,Home Appliances,4,1926.16,204.4,1721.76
20492,21-07-2021,5011,Mixer Grinder,Home Appliances,3,9292.35,2247.15,7045.2
20493,13-08-2021,5011,Mixer Grinder,Home Appliances,8,21764.4,4936.28,16828.12
20494,11-10-2021,5011,Mixer Grinder,Home Appliances,2,1443.84,134.51,1309.33
20495,27-02-2021,5011,Mixer Grinder,Home Appliances,5,9335.95,424.02,8911.93
20496,23-05-2021,5011,Mixer Grinder,Home Appliances,6,17393.16,4309.28,13083.88
20497,21-07-2021,5011,Mixer Grinder,Home Appliances,3,5716.77,1187.47,4529.3
20498,17-04-2021,5011,Mixer Grinder,Home Appliances,4,6124.28,207.24,5917.04
20499,20-10-2021,5011,Mixer Grinder,Home Appliances,2,2666.34,662.75,2003.59
20500,24-11-2021,5011,Mixer Grinder,Home Appliances,1,2467.33,55.44,2411.89
20501,10-01-2021,5011,Mixer Grinder,Home Appliances,1,3222.06,359.07,2862.99
20502,19-02-2021,5011,Mixer Grinder,Home Appliances,1,2388.16,155.78,2232.38
20503,09-10-2022,5011,Mixer Grinder,Home Appliances,3,6223.41,712.91,5510.5
20504,05-02-2022,5011,Mixer Grinder,Home Appliances,3,5660.16,776.47,4883.69
20505,04-01-2022,5011,Mixer Grinder,Home Appliances,2,1442.58,202.21,1240.37
20506,20-08-2022,5011,Mixer Grinder,Home Appliances,7,19964.77,684.52,19280.25
20507,22-01-2022,5011,Mixer Grinder,Home Appliances,6,3792.96,283.72,3509.24
20508,06-05-2022,5011,Mixer Grinder,Home Appliances,1,1043.14,44.72,998.42
20509,03-10-2022,5011,Mixer Grinder,Home Appliances,6,4752.24,777.09,3975.15
20510,02-01-2022,5011,Mixer Grinder,Home Appliances,4,12533.24,1930.27,10602.97
20511,15-01-2022,5011,Mixer Grinder,Home Appliances,1,2227.6,172.3,2055.3
20512,06-01-2022,5011,Mixer Grinder,Home Appliances,3,3613.68,819.36,2794.32
20513,10-08-2022,5011,Mixer Grinder,Home Appliances,7,15179.85,3655.41,11524.44
20514,03-08-2022,5011,Mixer Grinder,Home Appliances,4,9675.56,1695.44,7980.12
20515,08-10-2022,5011,Mixer Grinder,Home Appliances,7,8299.76,1836.91,6462.85
20516,01-08-2022,5011,Mixer Grinder,Home Appliances,4,1772.04,104.7,1667.34
20517,06-07-2022,5011,Mixer Grinder,Home Appliances,1,3404.68,295.73,3108.95
20518,12-09-2022,5011,Mixer Grinder,Home Appliances,2,2544.6,560.94,1983.66
20519,13-06-2022,5011,Mixer Grinder,Home Appliances,2,6740.24,789.44,5950.8
20520,18-06-2022,5011,Mixer Grinder,Home Appliances,4,5790.68,737.81,5052.87
20521,08-06-2022,5011,Mixer Grinder,Home Appliances,7,1868.79,322.9,1545.89
20522,26-06-2022,5011,Mixer Grinder,Home Appliances,3,2880.09,143.63,2736.46
20523,09-04-2022,5011,Mixer Grinder,Home Appliances,3,6027.51,768.04,5259.47
20524,06-04-2022,5011,Mixer Grinder,Home Appliances,6,7993.68,1488.16,6505.52
20525,21-07-2022,5011,Mixer Grinder,Home Appliances,4,4583.2,593.38,3989.82
20526,08-04-2022,5011,Mixer Grinder,Home Appliances,8,19298.08,4567.47,14730.61
20527,20-05-2022,5011,Mixer Grinder,Home Appliances,8,16946.72,1773.29,15173.43
20528,13-04-2022,5011,Mixer Grinder,Home Appliances,4,2281.92,439.63,1842.29
20529,17-11-2022,5011,Mixer Grinder,Home Appliances,2,3935.38,323.47,3611.91
20530,01-07-2022,5011,Mixer Grinder,Home Appliances,3,3573.42,391.95,3181.47
20531,23-02-2022,5011,Mixer Grinder,Home Appliances,3,8250.18,604.41,7645.77
20532,22-04-2022,5011,Mixer Grinder,Home Appliances,2,756.14,174.05,582.09
20533,25-09-2022,5011,Mixer Grinder,Home Appliances,5,3979.8,737.48,3242.32
20534,08-02-2022,5011,Mixer Grinder,Home Appliances,5,2862.7,529.14,2333.56
20535,25-08-2021,5012,Air Fryer,Home Appliances,3,9864.24,597.48,9266.76
20536,22-06-2021,5012,Air Fryer,Home Appliances,6,18928.56,488.56,18440
20537,23-12-2021,5012,Air Fryer,Home Appliances,8,7857.68,1687.39,6170.29
20538,21-06-2021,5012,Air Fryer,Home Appliances,2,1517.1,70.55,1446.55
20539,24-10-2021,5012,Air Fryer,Home Appliances,4,10148.68,297.4,9851.28
20540,20-01-2021,5012,Air Fryer,Home Appliances,3,4778.58,927.53,3851.05
20541,13-03-2021,5012,Air Fryer,Home Appliances,1,2000.35,329.61,1670.74
20542,19-03-2021,5012,Air Fryer,Home Appliances,4,8240.2,1523,6717.2
20543,14-05-2021,5012,Air Fryer,Home Appliances,6,19707.06,901.22,18805.84
20544,10-11-2021,5012,Air Fryer,Home Appliances,1,3081.63,476.35,2605.28
20545,02-12-2021,5012,Air Fryer,Home Appliances,4,9726.32,277.59,9448.73
20546,07-06-2021,5012,Air Fryer,Home Appliances,6,15965.46,635.61,15329.85
20547,24-12-2021,5012,Air Fryer,Home Appliances,7,24455.69,3950.24,20505.45
20548,09-04-2021,5012,Air Fryer,Home Appliances,2,2638.54,629.06,2009.48
20549,23-06-2022,5012,Air Fryer,Home Appliances,8,14832.08,2604.74,12227.34
20550,14-04-2022,5012,Air Fryer,Home Appliances,3,5369.58,341.17,5028.41
20551,27-12-2022,5012,Air Fryer,Home Appliances,5,3673.4,211.77,3461.63
20552,08-11-2022,5012,Air Fryer,Home Appliances,5,4932.3,166.01,4766.29
20553,12-06-2022,5012,Air Fryer,Home Appliances,7,3220.07,535.81,2684.26
20554,05-03-2022,5012,Air Fryer,Home Appliances,8,19164.96,1431.83,17733.13
20555,01-04-2022,5012,Air Fryer,Home Appliances,8,4767.12,798.06,3969.06
20556,10-12-2022,5012,Air Fryer,Home Appliances,3,9341.1,491.66,8849.44
20557,08-10-2022,5012,Air Fryer,Home Appliances,6,13551,638.7,12912.3
20558,25-07-2022,5012,Air Fryer,Home Appliances,3,7254.09,403.34,6850.75
20559,27-08-2022,5012,Air Fryer,Home Appliances,7,20540.94,951.66,19589.28
20560,01-05-2022,5012,Air Fryer,Home Appliances,6,10680.84,320.22,10360.62
20561,10-05-2022,5012,Air Fryer,Home Appliances,4,2081.96,189.56,1892.4
20562,06-02-2022,5012,Air Fryer,Home Appliances,6,9845.94,1485.88,8360.06
20563,06-05-2022,5012,Air Fryer,Home Appliances,2,605.38,77.34,528.04
20564,03-08-2022,5012,Air Fryer,Home Appliances,6,20602.38,3082.95,17519.43
20565,21-02-2022,5012,Air Fryer,Home Appliances,8,26840.48,3551.5,23288.98
20566,11-09-2022,5012,Air Fryer,Home Appliances,1,1353.64,55.39,1298.25
20567,21-05-2022,5012,Air Fryer,Home Appliances,5,11688.95,443.87,11245.08
20568,01-12-2022,5012,Air Fryer,Home Appliances,1,2744.37,584.83,2159.54
20569,12-05-2022,5012,Air Fryer,Home Appliances,3,10118.34,1425.17,8693.17
20570,06-11-2022,5012,Air Fryer,Home Appliances,2,5556.94,1172.46,4384.48
20571,20-12-2022,5012,Air Fryer,Home Appliances,6,8525.46,1439.78,7085.68
20572,11-06-2022,5012,Air Fryer,Home Appliances,4,5538.24,812.8,4725.44
20573,27-06-2022,5012,Air Fryer,Home Appliances,5,4759.6,140.35,4619.25
20574,26-10-2022,5012,Air Fryer,Home Appliances,7,22276.87,5287.07,16989.8
20575,14-08-2022,5012,Air Fryer,Home Appliances,8,20784.4,5175.23,15609.17
20576,19-10-2022,5012,Air Fryer,Home Appliances,2,1250.64,90.45,1160.19
20577,15-03-2022,5012,Air Fryer,Home Appliances,7,3152.52,92.01,3060.51
20578,24-04-2021,5013,Table Fan,Home Appliances,6,956.34,204.07,752.27
20579,14-09-2021,5013,Table Fan,Home Appliances,3,3296.73,567.61,2729.12
20580,23-09-2021,5013,Table Fan,Home Appliances,7,21935.13,755.12,21180.01
20581,22-01-2021,5013,Table Fan,Home Appliances,3,9535.2,551.39,8983.81
20582,01-05-2021,5013,Table Fan,Home Appliances,8,22751.6,3988.59,18763.01
20583,07-10-2021,5013,Table Fan,Home Appliances,8,3479.12,328.6,3150.52
20584,14-08-2021,5013,Table Fan,Home Appliances,3,10242.42,2470.66,7771.76
20585,03-10-2021,5013,Table Fan,Home Appliances,1,2571.27,247.5,2323.77
20586,10-11-2021,5013,Table Fan,Home Appliances,7,23393.37,3054.44,20338.93
20587,05-11-2021,5013,Table Fan,Home Appliances,5,15243.15,2164.42,13078.73
20588,01-11-2021,5013,Table Fan,Home Appliances,4,3581.28,680.93,2900.35
20589,03-12-2021,5013,Table Fan,Home Appliances,3,7087.86,748.21,6339.65
20590,14-10-2021,5013,Table Fan,Home Appliances,6,11552.58,1731.82,9820.76
20591,09-07-2021,5013,Table Fan,Home Appliances,2,1822.54,442.44,1380.1
20592,18-04-2021,5013,Table Fan,Home Appliances,2,1782.44,378.92,1403.52
20593,04-11-2021,5013,Table Fan,Home Appliances,4,7712.4,600.45,7111.95
20594,08-08-2021,5013,Table Fan,Home Appliances,8,7271.68,1103.28,6168.4
20595,24-02-2021,5013,Table Fan,Home Appliances,2,6005.3,1058.64,4946.66
20596,05-08-2022,5013,Table Fan,Home Appliances,2,4498.18,1083.55,3414.63
20597,04-09-2022,5013,Table Fan,Home Appliances,8,23449.68,2583.02,20866.66
20598,07-03-2022,5013,Table Fan,Home Appliances,8,21969.44,1130.65,20838.79
20599,02-10-2022,5013,Table Fan,Home Appliances,7,6605.34,697.79,5907.55
20600,23-01-2022,5013,Table Fan,Home Appliances,4,6760.04,322.61,6437.43
20601,14-03-2022,5013,Table Fan,Home Appliances,2,4461.84,984.23,3477.61
20602,04-10-2022,5013,Table Fan,Home Appliances,6,4276.92,818.82,3458.1
20603,26-06-2022,5013,Table Fan,Home Appliances,1,2915.86,140.62,2775.24
20604,17-06-2022,5013,Table Fan,Home Appliances,6,15407.76,462.32,14945.44
20605,12-10-2022,5013,Table Fan,Home Appliances,2,2683.46,255.72,2427.74
20606,04-10-2022,5013,Table Fan,Home Appliances,1,3249.95,569.72,2680.23
20607,12-05-2022,5013,Table Fan,Home Appliances,4,9898.64,246.43,9652.21
20608,15-10-2022,5013,Table Fan,Home Appliances,2,5600.9,740.72,4860.18
20609,26-02-2022,5013,Table Fan,Home Appliances,5,3853.25,568.26,3284.99
20610,28-05-2022,5013,Table Fan,Home Appliances,7,20659.03,3208.61,17450.42
20611,18-05-2022,5013,Table Fan,Home Appliances,5,16641.85,385.66,16256.19
20612,05-06-2022,5013,Table Fan,Home Appliances,8,14647.6,3234.24,11413.36
20613,03-01-2022,5013,Table Fan,Home Appliances,3,6685.23,1124.98,5560.25
20614,13-10-2022,5013,Table Fan,Home Appliances,8,27129.76,4866.3,22263.46
20615,13-08-2022,5013,Table Fan,Home Appliances,4,12298.48,1973.84,10324.64
20616,12-02-2022,5013,Table Fan,Home Appliances,6,11518.02,1054.93,10463.09
20617,19-03-2022,5013,Table Fan,Home Appliances,1,858.12,178.84,679.28
20618,15-12-2022,5013,Table Fan,Home Appliances,6,12498.54,1365,11133.54
20619,11-06-2022,5013,Table Fan,Home Appliances,1,1273.94,167.13,1106.81
20620,01-04-2022,5013,Table Fan,Home Appliances,4,6756.08,1667.88,5088.2
20621,21-01-2022,5013,Table Fan,Home Appliances,3,7755.99,411.38,7344.61
20622,09-07-2022,5013,Table Fan,Home Appliances,2,3650.02,293.01,3357.01
20623,19-10-2022,5013,Table Fan,Home Appliances,3,10421.43,290.19,10131.24
20624,25-09-2022,5013,Table Fan,Home Appliances,2,6144.96,1217.25,4927.71
20625,19-11-2022,5013,Table Fan,Home Appliances,2,2731.5,231.53,2499.97
20626,28-04-2022,5013,Table Fan,Home Appliances,3,7297.41,656.18,6641.23
20627,24-06-2022,5013,Table Fan,Home Appliances,6,11129.04,1848.51,9280.53
20628,28-06-2022,5013,Table Fan,Home Appliances,7,8892.31,1618.15,7274.16
20629,11-11-2022,5013,Table Fan,Home Appliances,8,14700.08,3317.31,11382.77
20630,12-04-2022,5013,Table Fan,Home Appliances,3,1812.99,39.28,1773.71
20631,15-11-2022,5013,Table Fan,Home Appliances,7,11497.43,1733.9,9763.53
20632,06-05-2022,5013,Table Fan,Home Appliances,2,1263.56,234.47,1029.09
20633,24-05-2022,5013,Table Fan,Home Appliances,6,2377.38,151.57,2225.81
20634,19-02-2022,5013,Table Fan,Home Appliances,3,3507.57,355.33,3152.24
20635,12-08-2022,5013,Table Fan,Home Appliances,7,17962.28,4168.14,13794.14
20636,09-03-2021,5014,Iron Press,Home Appliances,5,9903.6,1925.79,7977.81
20637,09-11-2021,5014,Iron Press,Home Appliances,4,10038.88,704.85,9334.03
20638,15-07-2021,5014,Iron Press,Home Appliances,4,12564.04,1068.02,11496.02
20639,21-09-2021,5014,Iron Press,Home Appliances,2,1617.96,305.46,1312.5
20640,20-03-2021,5014,Iron Press,Home Appliances,1,415.68,85.7,329.98
20641,11-10-2021,5014,Iron Press,Home Appliances,3,500.76,41.19,459.57
20642,01-11-2021,5014,Iron Press,Home Appliances,6,19450.02,1338.4,18111.62
20643,28-06-2021,5014,Iron Press,Home Appliances,1,2323.93,263.12,2060.81
20644,26-11-2021,5014,Iron Press,Home Appliances,6,4407.54,963.31,3444.23
20645,03-01-2021,5014,Iron Press,Home Appliances,6,16496.82,4078.01,12418.81
20646,09-07-2021,5014,Iron Press,Home Appliances,8,24604.8,637.77,23967.03
20647,19-06-2021,5014,Iron Press,Home Appliances,6,2025.96,326.61,1699.35
20648,27-12-2021,5014,Iron Press,Home Appliances,6,4049.22,98.31,3950.91
20649,05-04-2021,5014,Iron Press,Home Appliances,2,2697.56,278.38,2419.18
20650,18-06-2021,5014,Iron Press,Home Appliances,3,7056.45,1117.47,5938.98
20651,08-06-2021,5014,Iron Press,Home Appliances,5,14375.35,1866.48,12508.87
20652,25-01-2021,5014,Iron Press,Home Appliances,5,11665,1707.56,9957.44
20653,18-08-2022,5014,Iron Press,Home Appliances,5,6802.7,964.73,5837.97
20654,05-05-2022,5014,Iron Press,Home Appliances,5,901.45,116.67,784.78
20655,26-11-2022,5014,Iron Press,Home Appliances,6,3926.94,646.56,3280.38
20656,25-07-2022,5014,Iron Press,Home Appliances,2,6577.56,1076.52,5501.04
20657,02-02-2022,5014,Iron Press,Home Appliances,4,8040.32,497.04,7543.28
20658,12-10-2022,5014,Iron Press,Home Appliances,3,9523.71,2098,7425.71
20659,17-03-2022,5014,Iron Press,Home Appliances,1,1325.27,242.81,1082.46
20660,28-08-2022,5014,Iron Press,Home Appliances,8,6912,1588.66,5323.34
20661,15-07-2022,5014,Iron Press,Home Appliances,4,4939.36,1125.21,3814.15
20662,22-02-2022,5014,Iron Press,Home Appliances,1,369.22,62.2,307.02
20663,22-07-2022,5014,Iron Press,Home Appliances,6,2105.7,315.36,1790.34
20664,13-07-2022,5014,Iron Press,Home Appliances,4,1011.48,25.06,986.42
20665,14-12-2022,5014,Iron Press,Home Appliances,4,3700.52,246.96,3453.56
20666,21-07-2022,5014,Iron Press,Home Appliances,5,5749.2,1429.78,4319.42
20667,19-04-2022,5014,Iron Press,Home Appliances,3,5247.57,1232.1,4015.47
20668,25-05-2022,5014,Iron Press,Home Appliances,3,8719.44,741.07,7978.37
20669,01-06-2022,5014,Iron Press,Home Appliances,8,24572.32,1902.85,22669.47
20670,22-06-2022,5014,Iron Press,Home Appliances,8,6883.44,220.2,6663.24
20671,28-04-2022,5014,Iron Press,Home Appliances,6,1828.38,362.03,1466.35
20672,06-08-2022,5014,Iron Press,Home Appliances,7,21310.03,5302.13,16007.9
20673,22-05-2022,5014,Iron Press,Home Appliances,1,2846.82,156.41,2690.41
20674,05-01-2022,5014,Iron Press,Home Appliances,5,3275.95,620.08,2655.87
20675,25-02-2022,5014,Iron Press,Home Appliances,3,5118.03,569.89,4548.14
20676,11-07-2022,5014,Iron Press,Home Appliances,7,21731.78,5331.23,16400.55
20677,19-01-2022,5014,Iron Press,Home Appliances,4,3298.48,541.91,2756.57
20678,02-01-2022,5014,Iron Press,Home Appliances,3,5523.06,404.7,5118.36
20679,23-07-2022,5014,Iron Press,Home Appliances,2,5180.98,161.2,5019.78
20680,03-06-2022,5014,Iron Press,Home Appliances,2,1107.1,146.24,960.86
20681,17-03-2022,5014,Iron Press,Home Appliances,7,1110.27,79.38,1030.89
20682,05-09-2022,5014,Iron Press,Home Appliances,2,3850.54,820.56,3029.98
20683,12-02-2022,5014,Iron Press,Home Appliances,4,12032.56,2930.84,9101.72
20684,24-04-2022,5014,Iron Press,Home Appliances,2,2128.92,129.35,1999.57
20685,09-05-2022,5014,Iron Press,Home Appliances,2,6774.38,441.57,6332.81
20686,14-01-2022,5014,Iron Press,Home Appliances,6,6270.9,595.19,5675.71
20687,21-01-2022,5014,Iron Press,Home Appliances,8,15778.4,2307.22,13471.18
20688,14-12-2022,5014,Iron Press,Home Appliances,5,7438,693.23,6744.77
20689,13-07-2022,5014,Iron Press,Home Appliances,3,4340.13,471.54,3868.59
20690,01-11-2021,5015,Fiction Novel,Books,4,8744.92,2037.96,6706.96
20691,23-05-2021,5015,Fiction Novel,Books,7,24289.23,5097.77,19191.46
20692,04-11-2021,5015,Fiction Novel,Books,2,5948.48,1191.55,4756.93
20693,02-12-2021,5015,Fiction Novel,Books,7,17328.71,1639.4,15689.31
20694,15-11-2021,5015,Fiction Novel,Books,6,10055.4,1537.19,8518.21
20695,24-08-2021,5015,Fiction Novel,Books,8,14871.44,2323.33,12548.11
20696,08-07-2021,5015,Fiction Novel,Books,7,9379.51,325.91,9053.6
20697,09-09-2021,5015,Fiction Novel,Books,6,2347.08,477.36,1869.72
20698,08-11-2021,5015,Fiction Novel,Books,5,5143.15,1097.73,4045.42
20699,12-12-2021,5015,Fiction Novel,Books,8,16494.88,4121.49,12373.39
20700,25-02-2021,5015,Fiction Novel,Books,6,11431.02,1615.42,9815.6
20701,08-06-2021,5015,Fiction Novel,Books,3,1982.19,341.37,1640.82
20702,21-03-2021,5015,Fiction Novel,Books,1,1228.58,126.8,1101.78
20703,04-07-2021,5015,Fiction Novel,Books,7,4657.66,362.56,4295.1
20704,12-02-2021,5015,Fiction Novel,Books,6,14226.36,1994.46,12231.9
20705,15-05-2021,5015,Fiction Novel,Books,2,2142.6,186.01,1956.59
20706,23-08-2021,5015,Fiction Novel,Books,2,3310.4,430.41,2879.99
20707,25-03-2021,5015,Fiction Novel,Books,3,509.49,25.48,484.01
20708,17-08-2021,5015,Fiction Novel,Books,4,8944.8,1255.66,7689.14
20709,09-07-2021,5015,Fiction Novel,Books,1,2013.27,40.64,1972.63
20710,19-01-2022,5015,Fiction Novel,Books,3,3530.73,512.92,3017.81
20711,09-06-2022,5015,Fiction Novel,Books,4,4156.4,501.91,3654.49
20712,21-09-2022,5015,Fiction Novel,Books,8,24218.24,1607.78,22610.46
20713,26-07-2022,5015,Fiction Novel,Books,5,11099.2,1170.66,9928.54
20714,23-01-2022,5015,Fiction Novel,Books,8,11269.44,333.61,10935.83
20715,14-05-2022,5015,Fiction Novel,Books,7,16249.94,3355.45,12894.49
20716,08-06-2022,5015,Fiction Novel,Books,7,20975.43,1044.14,19931.29
20717,07-10-2022,5015,Fiction Novel,Books,6,2173.44,145.01,2028.43
20718,03-02-2022,5015,Fiction Novel,Books,8,11368,1602.18,9765.82
20719,21-08-2022,5015,Fiction Novel,Books,1,511.16,76.47,434.69
20720,23-08-2022,5015,Fiction Novel,Books,7,10779.23,1389.75,9389.48
20721,15-02-2022,5015,Fiction Novel,Books,7,12570.25,1731.08,10839.17
20722,22-01-2022,5015,Fiction Novel,Books,4,10522,1182.52,9339.48
20723,22-01-2022,5015,Fiction Novel,Books,5,10027,1974.54,8052.46
20724,04-08-2022,5015,Fiction Novel,Books,2,1778.74,67.13,1711.61
20725,04-01-2022,5015,Fiction Novel,Books,8,3565.12,689,2876.12
20726,15-10-2022,5015,Fiction Novel,Books,1,2910.38,191.98,2718.4
20727,16-06-2022,5015,Fiction Novel,Books,1,1993.76,382.85,1610.91
20728,05-10-2022,5015,Fiction Novel,Books,7,20205.15,4456.14,15749.01
20729,11-03-2022,5015,Fiction Novel,Books,6,4724.04,1161.7,3562.34
20730,18-03-2022,5015,Fiction Novel,Books,5,9460.2,377.66,9082.54
20731,09-07-2022,5015,Fiction Novel,Books,5,10057.85,1383.21,8674.64
20732,22-07-2022,5015,Fiction Novel,Books,1,1177.94,90.89,1087.05
20733,28-07-2021,5016,Cookbook,Books,5,5858.2,294.68,5563.52
20734,18-04-2021,5016,Cookbook,Books,6,19642.26,3357.92,16284.34
20735,19-12-2021,5016,Cookbook,Books,3,4125.57,842.99,3282.58
20736,15-04-2021,5016,Cookbook,Books,1,2593.02,56.94,2536.08
20737,14-02-2021,5016,Cookbook,Books,6,1609.8,113.54,1496.26
20738,10-08-2021,5016,Cookbook,Books,4,10121.44,2070.5,8050.94
20739,20-10-2021,5016,Cookbook,Books,8,12080.96,2263.92,9817.04
20740,07-04-2021,5016,Cookbook,Books,1,753.45,163.78,589.67
20741,02-02-2021,5016,Cookbook,Books,3,9119.43,333.26,8786.17
20742,16-10-2021,5016,Cookbook,Books,3,592.62,110.16,482.46
20743,26-12-2021,5016,Cookbook,Books,3,5457.09,954.91,4502.18
20744,24-11-2021,5016,Cookbook,Books,5,14182.3,2026.98,12155.32
20745,05-03-2021,5016,Cookbook,Books,4,7517.52,955.5,6562.02
20746,26-04-2021,5016,Cookbook,Books,2,6670.84,769.67,5901.17
20747,27-11-2021,5016,Cookbook,Books,5,12579,1531.54,11047.46
20748,05-07-2021,5016,Cookbook,Books,1,3244.92,164.45,3080.47
20749,27-03-2021,5016,Cookbook,Books,8,9069.44,666.73,8402.71
20750,26-10-2021,5016,Cookbook,Books,6,15109.56,2802.1,12307.46
20751,09-05-2021,5016,Cookbook,Books,6,11929.5,827.35,11102.15
20752,08-11-2021,5016,Cookbook,Books,7,23894.36,2278.37,21615.99
20753,21-03-2021,5016,Cookbook,Books,5,4491.35,653.56,3837.79
20754,07-02-2021,5016,Cookbook,Books,8,5191.12,323.45,4867.67
20755,22-06-2021,5016,Cookbook,Books,7,3732.05,785.8,2946.25
20756,22-02-2021,5016,Cookbook,Books,4,13948.12,3292.72,10655.4
20757,03-09-2021,5016,Cookbook,Books,5,8956.1,215.73,8740.37
20758,03-08-2021,5016,Cookbook,Books,4,7095.56,1551.93,5543.63
20759,19-10-2021,5016,Cookbook,Books,2,1648.88,211.39,1437.49
20760,19-04-2022,5016,Cookbook,Books,5,1292.75,203.9,1088.85
20761,12-01-2022,5016,Cookbook,Books,4,13254.96,2266.63,10988.33
20762,06-01-2022,5016,Cookbook,Books,6,7939.62,1037.23,6902.39
20763,24-06-2022,5016,Cookbook,Books,6,4495.02,904.29,3590.73
20764,26-05-2022,5016,Cookbook,Books,2,5148.64,641.76,4506.88
20765,18-12-2022,5016,Cookbook,Books,2,5579.52,875.91,4703.61
20766,02-08-2022,5016,Cookbook,Books,1,282.7,43.32,239.38
20767,21-07-2022,5016,Cookbook,Books,3,4624.02,982.85,3641.17
20768,12-02-2022,5016,Cookbook,Books,3,4062.33,700.47,3361.86
20769,11-02-2022,5016,Cookbook,Books,1,2971.69,656.42,2315.27
20770,10-08-2022,5016,Cookbook,Books,3,3075.87,136.89,2938.98
20771,04-04-2022,5016,Cookbook,Books,3,5436.09,778.87,4657.22
20772,11-02-2022,5016,Cookbook,Books,8,7792,1174.46,6617.54
20773,17-01-2022,5016,Cookbook,Books,5,6895.55,451.48,6444.07
20774,18-07-2022,5016,Cookbook,Books,4,13839.72,3168.36,10671.36
20775,28-12-2022,5016,Cookbook,Books,4,12534.16,294.25,12239.91
20776,19-12-2021,5017,Self Help Book,Books,4,9832.04,715.09,9116.95
20777,05-03-2021,5017,Self Help Book,Books,5,17469.15,2052.99,15416.16
20778,17-10-2021,5017,Self Help Book,Books,2,2256.12,507.21,1748.91
20779,22-02-2021,5017,Self Help Book,Books,4,3734.48,586.01,3148.47
20780,23-09-2021,5017,Self Help Book,Books,1,2901.58,106.78,2794.8
20781,04-06-2021,5017,Self Help Book,Books,1,869.91,172.03,697.88
20782,27-03-2021,5017,Self Help Book,Books,5,6479.7,1337.58,5142.12
20783,19-08-2021,5017,Self Help Book,Books,3,558.21,131.89,426.32
20784,26-07-2021,5017,Self Help Book,Books,7,1806,363.69,1442.31
20785,24-03-2021,5017,Self Help Book,Books,3,1969.92,195.4,1774.52
20786,07-03-2021,5017,Self Help Book,Books,4,12993.64,2310.12,10683.52
20787,03-12-2021,5017,Self Help Book,Books,1,2801.82,365.18,2436.64
20788,17-08-2021,5017,Self Help Book,Books,6,19152.72,3693.34,15459.38
20789,03-11-2021,5017,Self Help Book,Books,4,12212.96,385.62,11827.34
20790,26-06-2021,5017,Self Help Book,Books,7,3216.43,595.08,2621.35
20791,22-08-2022,5017,Self Help Book,Books,8,4816.4,1014.04,3802.36
20792,02-05-2022,5017,Self Help Book,Books,8,23509.84,4807.73,18702.11
20793,06-10-2022,5017,Self Help Book,Books,7,10097.57,1687.76,8409.81
20794,10-09-2022,5017,Self Help Book,Books,2,755.82,151.26,604.56
20795,25-05-2022,5017,Self Help Book,Books,4,3817.44,592.29,3225.15
20796,08-09-2022,5017,Self Help Book,Books,8,16610.08,3897.53,12712.55
20797,02-12-2022,5017,Self Help Book,Books,7,16611.7,1840.7,14771
20798,22-11-2022,5017,Self Help Book,Books,6,17497.98,1984.89,15513.09
20799,08-02-2022,5017,Self Help Book,Books,6,14231.94,3244.18,10987.76
20800,26-07-2022,5017,Self Help Book,Books,5,825.3,109.34,715.96
20801,04-01-2022,5017,Self Help Book,Books,8,12420,1975.95,10444.05
20802,05-08-2022,5017,Self Help Book,Books,6,11862.6,463.98,11398.62
20803,28-07-2022,5017,Self Help Book,Books,8,17796.64,1551.69,16244.95
20804,09-02-2022,5017,Self Help Book,Books,3,7496.82,912.12,6584.7
20805,18-11-2022,5017,Self Help Book,Books,4,2217.52,392.68,1824.84
20806,13-01-2022,5017,Self Help Book,Books,3,4366.17,421.39,3944.78
20807,12-03-2022,5017,Self Help Book,Books,3,2703.21,607.32,2095.89
20808,13-10-2022,5017,Self Help Book,Books,5,9119.65,2187.17,6932.48
20809,26-09-2022,5017,Self Help Book,Books,4,12080.36,2931.88,9148.48
20810,17-07-2022,5017,Self Help Book,Books,1,151.18,9.12,142.06
20811,15-04-2022,5017,Self Help Book,Books,5,13087.8,2297.38,10790.42
20812,24-09-2022,5017,Self Help Book,Books,7,4216.52,814.91,3401.61
20813,22-05-2022,5017,Self Help Book,Books,7,2829.89,462.76,2367.13
20814,09-08-2022,5017,Self Help Book,Books,5,6810.5,1171.87,5638.63
20815,22-11-2022,5017,Self Help Book,Books,7,23041.76,4746.5,18295.26
20816,21-01-2022,5017,Self Help Book,Books,8,14421.52,2582.37,11839.15
20817,04-11-2021,5018,Comic Book,Books,7,11549.37,2226.11,9323.26
20818,24-03-2021,5018,Comic Book,Books,8,2140.88,202.94,1937.94
20819,01-03-2021,5018,Comic Book,Books,5,3170.8,491.91,2678.89
20820,17-10-2021,5018,Comic Book,Books,1,3492.31,209.27,3283.04
20821,21-10-2021,5018,Comic Book,Books,5,11257.2,851.04,10406.16
20822,01-09-2021,5018,Comic Book,Books,7,13905.5,1581.6,12323.9
20823,26-02-2021,5018,Comic Book,Books,7,12610.71,3078.96,9531.75
20824,09-12-2022,5018,Comic Book,Books,6,4153.68,632.55,3521.13
20825,26-01-2022,5018,Comic Book,Books,6,18863.82,1248.42,17615.4
20826,06-01-2022,5018,Comic Book,Books,5,13117.25,777.27,12339.98
20827,02-05-2022,5018,Comic Book,Books,5,17022.25,3382.8,13639.45
20828,23-06-2022,5018,Comic Book,Books,3,3187.11,717.05,2470.06
20829,07-08-2022,5018,Comic Book,Books,6,19553.76,2203.86,17349.9
20830,09-11-2022,5018,Comic Book,Books,6,8818.8,958.33,7860.47
20831,09-08-2022,5018,Comic Book,Books,2,1666.62,381.69,1284.93
20832,17-08-2022,5018,Comic Book,Books,7,15990.31,3183.49,12806.82
20833,02-06-2022,5018,Comic Book,Books,3,3252.99,465.85,2787.14
20834,18-11-2022,5018,Comic Book,Books,7,18699.24,1558.39,17140.85
20835,23-06-2022,5018,Comic Book,Books,7,13463.1,1162.22,12300.88
20836,04-11-2022,5018,Comic Book,Books,5,8281.75,188.01,8093.74
20837,27-09-2022,5018,Comic Book,Books,5,6673.7,1576.21,5097.49
20838,08-05-2022,5018,Comic Book,Books,2,6166.52,260.06,5906.46
20839,22-10-2022,5018,Comic Book,Books,7,20616.68,3787.52,16829.16
20840,06-05-2022,5018,Comic Book,Books,3,10171.32,1686.4,8484.92
20841,04-12-2022,5018,Comic Book,Books,7,10300.99,2433.93,7867.06
20842,27-12-2022,5018,Comic Book,Books,6,8939.52,1206.45,7733.07
20843,12-06-2022,5018,Comic Book,Books,3,7607.22,403.08,7204.14
20844,17-12-2022,5018,Comic Book,Books,7,16747.64,3807.54,12940.1
20845,07-03-2022,5018,Comic Book,Books,6,14606.28,3398.09,11208.19
20846,17-02-2022,5018,Comic Book,Books,1,3003.98,521.48,2482.5
20847,14-10-2022,5018,Comic Book,Books,7,6066.83,1138.22,4928.61
20848,26-11-2022,5018,Comic Book,Books,3,1969.11,343.52,1625.59
20849,17-04-2022,5018,Comic Book,Books,2,6318.86,1432.66,4886.2
20850,13-11-2021,5019,History Book,Books,5,2948.9,536.54,2412.36
20851,13-12-2021,5019,History Book,Books,5,12676.35,2502.95,10173.4
20852,27-10-2021,5019,History Book,Books,5,10928.65,2490.58,8438.07
20853,04-05-2021,5019,History Book,Books,6,14487.78,3538.06,10949.72
20854,12-02-2021,5019,History Book,Books,1,2493.11,91.25,2401.86
20855,07-06-2021,5019,History Book,Books,1,1683.42,329.47,1353.95
20856,09-08-2021,5019,History Book,Books,1,3423.86,533.29,2890.57
20857,26-10-2021,5019,History Book,Books,1,282.68,59.45,223.23
20858,16-02-2021,5019,History Book,Books,4,4541.6,1068.83,3472.77
20859,17-06-2021,5019,History Book,Books,4,3519.32,712.65,2806.67
20860,10-04-2021,5019,History Book,Books,1,897.01,53.64,843.37
20861,09-09-2021,5019,History Book,Books,7,9829.89,2354.65,7475.24
20862,24-05-2021,5019,History Book,Books,2,4218.96,472.66,3746.3
20863,19-09-2021,5019,History Book,Books,7,6356.28,1395.59,4960.69
20864,26-01-2021,5019,History Book,Books,6,20222.94,1936.71,18286.23
20865,03-05-2021,5019,History Book,Books,8,16626.16,1981.93,14644.23
20866,23-11-2021,5019,History Book,Books,8,6311.76,1020.03,5291.73
20867,13-02-2021,5019,History Book,Books,3,3289.95,212.75,3077.2
20868,17-12-2021,5019,History Book,Books,1,1619.36,106.02,1513.34
20869,24-12-2021,5019,History Book,Books,4,10962.44,726.48,10235.96
20870,27-12-2021,5019,History Book,Books,5,13273.15,3160.47,10112.68
20871,24-12-2021,5019,History Book,Books,1,360.14,24.24,335.9
20872,27-01-2021,5019,History Book,Books,5,10092.35,1658.6,8433.75
20873,21-10-2021,5019,History Book,Books,6,20828.52,1881.27,18947.25
20874,24-01-2021,5019,History Book,Books,3,7397.76,864.31,6533.45
20875,26-01-2021,5019,History Book,Books,8,21908.8,2166.25,19742.55
20876,12-03-2021,5019,History Book,Books,8,14225.36,555.22,13670.14
20877,26-06-2021,5019,History Book,Books,6,10472.46,2189.16,8283.3
20878,28-03-2021,5019,History Book,Books,2,3839.62,298.66,3540.96
20879,07-07-2021,5019,History Book,Books,6,5964,148.39,5815.61
20880,09-12-2022,5019,History Book,Books,7,19210.03,3590.7,15619.33
20881,26-03-2022,5019,History Book,Books,7,4188.31,96.17,4092.14
20882,24-04-2022,5019,History Book,Books,7,1697.29,351.4,1345.89
20883,15-02-2022,5019,History Book,Books,1,833.26,126.45,706.81
20884,28-02-2022,5019,History Book,Books,6,7702.86,1145.45,6557.41
20885,16-08-2022,5019,History Book,Books,4,698.32,46.8,651.52
20886,13-06-2022,5019,History Book,Books,2,957,212.31,744.69
20887,15-04-2022,5019,History Book,Books,8,16531.12,3830.41,12700.71
20888,23-11-2022,5019,History Book,Books,8,21613.28,3266.56,18346.72
20889,02-12-2022,5019,History Book,Books,8,5728.48,973.48,4755
20890,08-12-2022,5019,History Book,Books,8,19746.48,2537.31,17209.17
20891,04-03-2022,5019,History Book,Books,8,17255.12,594.1,16661.02
20892,26-04-2022,5019,History Book,Books,4,665.64,99.98,565.66
20893,27-12-2022,5019,History Book,Books,4,9094.24,1733.08,7361.16
20894,08-01-2022,5019,History Book,Books,2,6383.56,421.51,5962.05
20895,02-01-2022,5019,History Book,Books,8,2504.64,188.61,2316.03
20896,25-04-2022,5019,History Book,Books,1,3266.69,545.17,2721.52
20897,09-07-2022,5019,History Book,Books,1,663.93,16.06,647.87
20898,25-02-2022,5019,History Book,Books,2,1552.48,319.23,1233.25
20899,20-03-2022,5019,History Book,Books,6,3026.52,608.33,2418.19
20900,01-07-2022,5019,History Book,Books,2,6004.48,887.8,5116.68
20901,18-09-2021,5020,Face Cream,Beauty,2,5029.74,865.78,4163.96
20902,10-10-2021,5020,Face Cream,Beauty,8,11838.48,257.55,11580.93
20903,07-12-2021,5020,Face Cream,Beauty,1,777.68,106.24,671.44
20904,07-08-2021,5020,Face Cream,Beauty,2,5044.48,954.29,4090.19
20905,14-11-2021,5020,Face Cream,Beauty,2,4404.96,175.59,4229.37
20906,12-09-2021,5020,Face Cream,Beauty,2,888.54,66.6,821.94
20907,03-02-2021,5020,Face Cream,Beauty,6,6407.4,583.83,5823.57
20908,05-05-2021,5020,Face Cream,Beauty,8,17452.24,4277.04,13175.2
20909,01-04-2021,5020,Face Cream,Beauty,2,802.46,37.03,765.43
20910,25-12-2021,5020,Face Cream,Beauty,4,7569.68,944.65,6625.03
20911,20-07-2021,5020,Face Cream,Beauty,4,12879.8,2428.08,10451.72
20912,01-02-2021,5020,Face Cream,Beauty,1,2550.85,68.98,2481.87
20913,05-11-2021,5020,Face Cream,Beauty,7,19836.46,646.82,19189.64
20914,10-10-2021,5020,Face Cream,Beauty,8,8046.4,409.18,7637.22
20915,28-05-2021,5020,Face Cream,Beauty,6,1469.88,158.64,1311.24
20916,15-03-2021,5020,Face Cream,Beauty,3,10307.79,1756.7,8551.09
20917,25-08-2021,5020,Face Cream,Beauty,6,6411.36,496.51,5914.85
20918,08-06-2022,5020,Face Cream,Beauty,6,19410.18,1855.67,17554.51
20919,11-04-2022,5020,Face Cream,Beauty,2,3864.52,170.49,3694.03
20920,14-06-2022,5020,Face Cream,Beauty,6,8279.22,1188.68,7090.54
20921,06-08-2022,5020,Face Cream,Beauty,4,7714.32,1307.47,6406.85
20922,08-09-2022,5020,Face Cream,Beauty,7,22891.19,3189.44,19701.75
20923,03-11-2022,5020,Face Cream,Beauty,4,3522,682.09,2839.91
20924,23-01-2022,5020,Face Cream,Beauty,5,7975.75,376.58,7599.17
20925,20-03-2022,5020,Face Cream,Beauty,8,17662.4,1029.36,16633.04
20926,08-07-2021,5021,Shampoo Bottle,Beauty,6,6068.28,159.99,5908.29
20927,28-12-2021,5021,Shampoo Bottle,Beauty,4,9191.24,1490.86,7700.38
20928,21-11-2021,5021,Shampoo Bottle,Beauty,3,7043.97,1109.48,5934.49
20929,13-12-2021,5021,Shampoo Bottle,Beauty,5,2055.55,386.05,1669.5
20930,01-09-2021,5021,Shampoo Bottle,Beauty,2,2722.06,143.49,2578.57
20931,24-02-2021,5021,Shampoo Bottle,Beauty,8,18577.12,2551.81,16025.31
20932,25-05-2021,5021,Shampoo Bottle,Beauty,8,5967.52,256.73,5710.79
20933,13-05-2021,5021,Shampoo Bottle,Beauty,7,17389.26,1040.58,16348.68
20934,04-12-2021,5021,Shampoo Bottle,Beauty,8,10374.88,2193.52,8181.36
20935,13-01-2021,5021,Shampoo Bottle,Beauty,4,2028.12,137.99,1890.13
20936,22-06-2021,5021,Shampoo Bottle,Beauty,6,6480.72,144.23,6336.49
20937,03-04-2021,5021,Shampoo Bottle,Beauty,2,1358.84,233.21,1125.63
20938,10-10-2021,5021,Shampoo Bottle,Beauty,5,3775.2,200.24,3574.96
20939,27-02-2021,5021,Shampoo Bottle,Beauty,1,1433.09,243.64,1189.45
20940,19-10-2021,5021,Shampoo Bottle,Beauty,4,1431.52,126.05,1305.47
20941,28-05-2021,5021,Shampoo Bottle,Beauty,3,9857.34,1002.84,8854.5
20942,24-09-2021,5021,Shampoo Bottle,Beauty,3,1840.53,370.38,1470.15
20943,12-05-2021,5021,Shampoo Bottle,Beauty,6,4241.22,731.75,3509.47
20944,26-04-2021,5021,Shampoo Bottle,Beauty,3,3317.07,356.84,2960.23
20945,08-01-2021,5021,Shampoo Bottle,Beauty,4,12480.72,2438.84,10041.88
20946,08-06-2021,5021,Shampoo Bottle,Beauty,8,8246.32,179.23,8067.09
20947,22-02-2021,5021,Shampoo Bottle,Beauty,7,20664.14,1529.29,19134.85
20948,15-08-2022,5021,Shampoo Bottle,Beauty,8,4304.64,541.48,3763.16
20949,16-12-2022,5021,Shampoo Bottle,Beauty,2,3011.44,396.13,2615.31
20950,08-03-2022,5021,Shampoo Bottle,Beauty,7,11374.23,536.99,10837.24
20951,09-02-2022,5021,Shampoo Bottle,Beauty,6,9822.78,736.59,9086.19
20952,18-06-2022,5021,Shampoo Bottle,Beauty,1,389.58,27.72,361.86
20953,07-12-2022,5021,Shampoo Bottle,Beauty,7,3630.62,860.64,2769.98
20954,02-09-2022,5021,Shampoo Bottle,Beauty,4,7588.68,1042.77,6545.91
20955,07-06-2022,5021,Shampoo Bottle,Beauty,2,856.64,69.4,787.24
20956,26-08-2022,5021,Shampoo Bottle,Beauty,3,1198.08,148.79,1049.29
20957,04-06-2022,5021,Shampoo Bottle,Beauty,4,4360.44,878.57,3481.87
20958,04-02-2022,5021,Shampoo Bottle,Beauty,8,14106.32,866.04,13240.28
20959,21-01-2022,5021,Shampoo Bottle,Beauty,1,2305.94,410.44,1895.5
20960,18-01-2022,5021,Shampoo Bottle,Beauty,4,10952.36,1892.83,9059.53
20961,21-03-2022,5021,Shampoo Bottle,Beauty,6,3815.22,781.49,3033.73
20962,24-06-2022,5021,Shampoo Bottle,Beauty,1,3022.01,316.03,2705.98
20963,01-04-2021,5022,Lipstick Set,Beauty,8,25362.56,985.39,24377.17
20964,28-04-2021,5022,Lipstick Set,Beauty,1,1105.32,270.09,835.23
20965,10-04-2021,5022,Lipstick Set,Beauty,6,12624.36,2980.25,9644.11
20966,01-07-2021,5022,Lipstick Set,Beauty,3,576.75,137.34,439.41
20967,03-04-2021,5022,Lipstick Set,Beauty,8,11215.52,2425.38,8790.14
20968,16-12-2021,5022,Lipstick Set,Beauty,4,8924.36,622.63,8301.73
20969,07-08-2021,5022,Lipstick Set,Beauty,5,17493,2186.85,15306.15
20970,25-04-2021,5022,Lipstick Set,Beauty,6,1538.52,93.58,1444.94
20971,22-07-2021,5022,Lipstick Set,Beauty,1,2054.77,405.01,1649.76
20972,27-04-2021,5022,Lipstick Set,Beauty,1,668.62,138.2,530.42
20973,15-10-2021,5022,Lipstick Set,Beauty,8,16258.24,2986.62,13271.62
20974,09-03-2021,5022,Lipstick Set,Beauty,4,8132.2,674.93,7457.27
20975,05-07-2021,5022,Lipstick Set,Beauty,3,10484.7,535.88,9948.82
20976,25-06-2021,5022,Lipstick Set,Beauty,1,711.96,83.48,628.48
20977,19-02-2021,5022,Lipstick Set,Beauty,8,22372.4,1750.21,20622.19
20978,22-10-2021,5022,Lipstick Set,Beauty,4,12126.96,2911.62,9215.34
20979,23-05-2021,5022,Lipstick Set,Beauty,7,3274.04,393.48,2880.56
20980,01-02-2021,5022,Lipstick Set,Beauty,5,1931.45,373.34,1558.11
20981,28-03-2021,5022,Lipstick Set,Beauty,3,4671.87,662.28,4009.59
20982,21-11-2022,5022,Lipstick Set,Beauty,2,3290.04,443.85,2846.19
20983,19-09-2022,5022,Lipstick Set,Beauty,6,18965.28,4577.2,14388.08
20984,14-04-2022,5022,Lipstick Set,Beauty,2,4267.66,334.03,3933.63
20985,06-07-2022,5022,Lipstick Set,Beauty,5,11528.2,1323.09,10205.11
20986,09-09-2022,5022,Lipstick Set,Beauty,2,4996.96,165.54,4831.42
20987,16-11-2022,5022,Lipstick Set,Beauty,4,9606.28,1958.79,7647.49
20988,15-01-2022,5022,Lipstick Set,Beauty,8,10312.8,2010.79,8302.01
20989,06-11-2022,5022,Lipstick Set,Beauty,8,26887.52,5396.56,21490.96
20990,14-04-2022,5022,Lipstick Set,Beauty,2,6717.96,454.44,6263.52
20991,13-07-2022,5022,Lipstick Set,Beauty,3,9495.9,697.7,8798.2
20992,23-12-2022,5022,Lipstick Set,Beauty,6,8539.8,1141.76,7398.04
20993,05-06-2022,5022,Lipstick Set,Beauty,4,9173.28,2037.85,7135.43
20994,02-02-2022,5022,Lipstick Set,Beauty,3,9339.84,1510.03,7829.81
20995,03-11-2022,5022,Lipstick Set,Beauty,8,16807.04,3979.02,12828.02
20996,18-10-2022,5022,Lipstick Set,Beauty,6,7836.6,1523.72,6312.88
20997,06-06-2022,5022,Lipstick Set,Beauty,8,19775.6,3472.27,16303.33
20998,13-03-2022,5022,Lipstick Set,Beauty,6,3254.58,536.2,2718.38
20999,27-05-2022,5022,Lipstick Set,Beauty,4,9103.48,1657.98,7445.5
21000,12-04-2022,5022,Lipstick Set,Beauty,5,11616.1,668.9,10947.2
21001,20-02-2022,5022,Lipstick Set,Beauty,8,23970.72,5304.24,18666.48
21002,02-10-2022,5022,Lipstick Set,Beauty,4,12620.92,1981.09,10639.83
21003,24-07-2022,5022,Lipstick Set,Beauty,5,1236.75,251.84,984.91
21004,03-03-2022,5022,Lipstick Set,Beauty,4,652.72,47.58,605.14
21005,23-05-2022,5022,Lipstick Set,Beauty,4,858.84,39.74,819.1
21006,05-04-2021,5023,Perfume,Beauty,8,10187.6,1427.64,8759.96
21007,10-06-2021,5023,Perfume,Beauty,7,18579.4,4109.67,14469.73
21008,02-06-2021,5023,Perfume,Beauty,2,2068.72,167.73,1900.99
21009,20-02-2021,5023,Perfume,Beauty,1,2483.7,199.88,2283.82
21010,11-12-2021,5023,Perfume,Beauty,6,10985.34,576.13,10409.21
21011,18-10-2021,5023,Perfume,Beauty,1,2666.76,567.9,2098.86
21012,13-07-2021,5023,Perfume,Beauty,5,12759.95,928.48,11831.47
21013,26-02-2021,5023,Perfume,Beauty,8,3724.8,576.71,3148.09
21014,26-04-2021,5023,Perfume,Beauty,8,22747.52,4594.82,18152.7
21015,20-04-2021,5023,Perfume,Beauty,2,5826.52,748.91,5077.61
21016,05-07-2021,5023,Perfume,Beauty,1,795.62,122.5,673.12
21017,27-02-2021,5023,Perfume,Beauty,8,7656.72,608.42,7048.3
21018,17-07-2021,5023,Perfume,Beauty,6,15461.04,419.12,15041.92
21019,01-12-2021,5023,Perfume,Beauty,4,7471.44,512.82,6958.62
21020,23-12-2021,5023,Perfume,Beauty,8,17674.48,4019.52,13654.96
21021,10-04-2021,5023,Perfume,Beauty,5,2948.1,101.02,2847.08
21022,25-08-2021,5023,Perfume,Beauty,6,17522.52,3237.19,14285.33
21023,13-05-2022,5023,Perfume,Beauty,6,11410.5,1032.28,10378.22
21024,11-10-2022,5023,Perfume,Beauty,2,2266.2,214.74,2051.46
21025,05-04-2022,5023,Perfume,Beauty,3,9813.24,2176.33,7636.91
21026,01-08-2022,5023,Perfume,Beauty,4,4895.76,981.86,3913.9
21027,17-12-2022,5023,Perfume,Beauty,6,14683.98,1902.82,12781.16
21028,25-05-2022,5023,Perfume,Beauty,2,1011.64,36.53,975.11
21029,14-07-2022,5023,Perfume,Beauty,8,2987.84,611.94,2375.9
21030,08-09-2022,5023,Perfume,Beauty,8,9728.88,1261.7,8467.18
21031,14-12-2022,5023,Perfume,Beauty,6,11653.14,2322.98,9330.16
21032,11-12-2022,5023,Perfume,Beauty,1,501.58,62.61,438.97
21033,09-11-2022,5023,Perfume,Beauty,3,825.63,202.83,622.8
21034,05-09-2022,5023,Perfume,Beauty,2,3421.32,555.79,2865.53
21035,22-05-2022,5023,Perfume,Beauty,2,6011.22,1033.46,4977.76
21036,14-06-2022,5023,Perfume,Beauty,2,1270.36,229.19,1041.17
21037,02-01-2021,5024,Hair Oil,Beauty,5,15989.4,2784.95,13204.45
21038,04-09-2021,5024,Hair Oil,Beauty,2,2417.24,503.42,1913.82
21039,27-10-2021,5024,Hair Oil,Beauty,7,5015.71,300.68,4715.03
21040,23-07-2021,5024,Hair Oil,Beauty,6,8184.84,1841.23,6343.61
21041,18-08-2021,5024,Hair Oil,Beauty,2,914.3,216.58,697.72
21042,13-12-2021,5024,Hair Oil,Beauty,8,7269.44,454.63,6814.81
21043,25-05-2021,5024,Hair Oil,Beauty,8,11737.84,779.73,10958.11
21044,24-03-2021,5024,Hair Oil,Beauty,4,12867.88,1710.66,11157.22
21045,11-09-2021,5024,Hair Oil,Beauty,4,970.6,133.89,836.71
21046,05-12-2021,5024,Hair Oil,Beauty,6,7200.18,1351.89,5848.29
21047,22-06-2021,5024,Hair Oil,Beauty,4,9439.32,311.19,9128.13
21048,28-01-2021,5024,Hair Oil,Beauty,4,8303.56,185.96,8117.6
21049,20-05-2021,5024,Hair Oil,Beauty,1,3162.99,755.84,2407.15
21050,08-06-2021,5024,Hair Oil,Beauty,6,17360.1,1409.2,15950.9
21051,10-06-2021,5024,Hair Oil,Beauty,6,13318.38,1474.54,11843.84
21052,04-05-2021,5024,Hair Oil,Beauty,4,768.72,134.86,633.86
21053,25-11-2021,5024,Hair Oil,Beauty,4,11547.28,1941.89,9605.39
21054,24-01-2021,5024,Hair Oil,Beauty,3,8036.13,1663.43,6372.7
21055,17-05-2021,5024,Hair Oil,Beauty,6,8551.5,1822.59,6728.91
21056,08-03-2021,5024,Hair Oil,Beauty,6,14384.58,469.16,13915.42
21057,28-03-2021,5024,Hair Oil,Beauty,6,18564.72,965.18,17599.54
21058,28-12-2021,5024,Hair Oil,Beauty,1,2808.53,600.48,2208.05
21059,11-08-2021,5024,Hair Oil,Beauty,8,22181.92,4434.49,17747.43
21060,24-04-2021,5024,Hair Oil,Beauty,6,8154.12,283.14,7870.98
21061,11-02-2021,5024,Hair Oil,Beauty,1,3175.19,82.18,3093.01
21062,03-06-2021,5024,Hair Oil,Beauty,2,3635.72,116.65,3519.07
21063,21-08-2021,5024,Hair Oil,Beauty,7,8346.24,1081.92,7264.32
21064,10-07-2021,5024,Hair Oil,Beauty,8,9736.48,967.23,8769.25
21065,24-05-2021,5024,Hair Oil,Beauty,6,12422.7,550.99,11871.71
21066,27-10-2021,5024,Hair Oil,Beauty,2,3542.96,410.19,3132.77
21067,08-11-2021,5024,Hair Oil,Beauty,4,3392.84,491.41,2901.43
21068,23-11-2021,5024,Hair Oil,Beauty,2,4687.1,706.46,3980.64
21069,19-08-2021,5024,Hair Oil,Beauty,7,1604.26,80.42,1523.84
21070,06-02-2021,5024,Hair Oil,Beauty,5,14491.9,2919.25,11572.65
21071,04-06-2021,5024,Hair Oil,Beauty,4,11238.36,1785.44,9452.92
21072,08-01-2021,5024,Hair Oil,Beauty,6,18650.52,4630.2,14020.32
21073,06-07-2021,5024,Hair Oil,Beauty,7,15986.39,602.84,15383.55
21074,07-07-2021,5024,Hair Oil,Beauty,6,6965.46,666.44,6299.02
21075,06-12-2021,5024,Hair Oil,Beauty,8,15856.08,2141.7,13714.38
21076,28-11-2021,5024,Hair Oil,Beauty,3,6528.87,698.19,5830.68
21077,26-09-2021,5024,Hair Oil,Beauty,3,2292.6,525.8,1766.8
21078,25-09-2021,5024,Hair Oil,Beauty,2,6118.76,631.42,5487.34
21079,17-01-2022,5024,Hair Oil,Beauty,4,7444.68,1745.81,5698.87
21080,07-09-2022,5024,Hair Oil,Beauty,3,1989.75,240.36,1749.39
21081,14-01-2022,5024,Hair Oil,Beauty,3,6501.24,517.52,5983.72
21082,08-05-2022,5024,Hair Oil,Beauty,7,6125.35,1007.93,5117.42
21083,03-01-2022,5024,Hair Oil,Beauty,1,2839,646.57,2192.43
21084,24-03-2022,5024,Hair Oil,Beauty,4,7816.8,573.59,7243.21
21085,08-03-2022,5024,Hair Oil,Beauty,3,9536.61,633.8,8902.81
21086,24-10-2022,5024,Hair Oil,Beauty,2,5319.76,977.66,4342.1
21087,07-12-2022,5024,Hair Oil,Beauty,5,14753.65,1735.24,13018.41
21088,02-09-2022,5024,Hair Oil,Beauty,8,26502.64,3228.12,23274.52
21089,28-02-2022,5024,Hair Oil,Beauty,2,6314.48,938.61,5375.87
21090,05-07-2022,5024,Hair Oil,Beauty,6,10145.4,1693.3,8452.1
21091,11-09-2022,5024,Hair Oil,Beauty,7,19026.42,1453.18,17573.24
21092,08-04-2022,5024,Hair Oil,Beauty,3,9186.24,937.05,8249.19
21093,10-05-2021,5025,Yoga Mat,Sports,3,6831.69,836.7,5994.99
21094,07-03-2021,5025,Yoga Mat,Sports,6,3401.76,299.73,3102.03
21095,16-07-2021,5025,Yoga Mat,Sports,8,21801.12,3404.72,18396.4
21096,09-08-2021,5025,Yoga Mat,Sports,8,15096.08,1940.16,13155.92
21097,05-09-2021,5025,Yoga Mat,Sports,3,2790.78,281.62,2509.16
21098,03-07-2021,5025,Yoga Mat,Sports,7,3405.29,643.03,2762.26
21099,12-06-2021,5025,Yoga Mat,Sports,7,16186.94,2056.02,14130.92
21100,18-10-2021,5025,Yoga Mat,Sports,1,289.5,58.02,231.48
21101,12-08-2021,5025,Yoga Mat,Sports,7,23376.01,3799.61,19576.4
21102,18-03-2021,5025,Yoga Mat,Sports,1,3330.17,177.91,3152.26
21103,22-06-2021,5025,Yoga Mat,Sports,7,19599.37,3051.73,16547.64
21104,08-11-2021,5025,Yoga Mat,Sports,6,17001.24,951.61,16049.63
21105,13-09-2021,5025,Yoga Mat,Sports,3,3320.85,170.28,3150.57
21106,20-01-2021,5025,Yoga Mat,Sports,6,17111.7,2077.14,15034.56
21107,12-05-2021,5025,Yoga Mat,Sports,1,1321.96,188.19,1133.77
21108,21-06-2021,5025,Yoga Mat,Sports,8,4315.52,338.97,3976.55
21109,20-10-2021,5025,Yoga Mat,Sports,5,1030.7,210.27,820.43
21110,12-02-2021,5025,Yoga Mat,Sports,1,1073.99,103.58,970.41
21111,06-08-2021,5025,Yoga Mat,Sports,7,1560.23,100.52,1459.71
21112,24-01-2021,5025,Yoga Mat,Sports,3,1926.24,139.53,1786.71
21113,14-01-2021,5025,Yoga Mat,Sports,5,2793.5,679.87,2113.63
21114,05-02-2021,5025,Yoga Mat,Sports,2,5478.4,296.76,5181.64
21115,02-04-2021,5025,Yoga Mat,Sports,8,24210.64,2632.29,21578.35
21116,21-02-2021,5025,Yoga Mat,Sports,3,6449.76,1578.01,4871.75
21117,03-01-2021,5025,Yoga Mat,Sports,1,687.51,19.92,667.59
21118,23-06-2021,5025,Yoga Mat,Sports,3,1578.99,90.42,1488.57
21119,07-03-2021,5025,Yoga Mat,Sports,6,14416.98,3503.3,10913.68
21120,04-06-2021,5025,Yoga Mat,Sports,7,8678.11,989.95,7688.16
21121,22-01-2022,5025,Yoga Mat,Sports,3,2113.89,476.36,1637.53
21122,21-06-2022,5025,Yoga Mat,Sports,1,1642.53,267.91,1374.62
21123,26-01-2022,5025,Yoga Mat,Sports,8,15868.4,3545.21,12323.19
21124,15-01-2022,5025,Yoga Mat,Sports,8,24820.88,3927.47,20893.41
21125,22-06-2022,5025,Yoga Mat,Sports,7,13041.28,703.15,12338.13
21126,26-01-2022,5025,Yoga Mat,Sports,3,5442.42,970.5,4471.92
21127,17-01-2021,5026,Cricket Bat,Sports,1,2978.96,307.58,2671.38
21128,22-12-2021,5026,Cricket Bat,Sports,4,8236.4,1544.56,6691.84
21129,11-07-2021,5026,Cricket Bat,Sports,8,26807.44,6263.73,20543.71
21130,06-10-2021,5026,Cricket Bat,Sports,6,18890.22,1207.06,17683.16
21131,26-04-2021,5026,Cricket Bat,Sports,1,3469.12,618.34,2850.78
21132,21-06-2021,5026,Cricket Bat,Sports,5,14167.8,1380.91,12786.89
21133,28-10-2021,5026,Cricket Bat,Sports,8,26715.12,5809.08,20906.04
21134,16-02-2021,5026,Cricket Bat,Sports,1,649.43,126.67,522.76
21135,14-10-2021,5026,Cricket Bat,Sports,5,10574.25,1250.67,9323.58
21136,03-01-2021,5026,Cricket Bat,Sports,3,1484.16,124.11,1360.05
21137,20-02-2021,5026,Cricket Bat,Sports,7,11410.14,2134.46,9275.68
21138,03-05-2021,5026,Cricket Bat,Sports,8,18586.32,788.85,17797.47
21139,27-08-2021,5026,Cricket Bat,Sports,5,4342.9,740.43,3602.47
21140,26-05-2021,5026,Cricket Bat,Sports,6,5034.42,688.81,4345.61
21141,17-09-2021,5026,Cricket Bat,Sports,7,19080.18,3421.28,15658.9
21142,25-11-2021,5026,Cricket Bat,Sports,5,8391.6,1834.61,6556.99
21143,22-07-2021,5026,Cricket Bat,Sports,8,26882.48,824.11,26058.37
21144,26-03-2021,5026,Cricket Bat,Sports,5,1646.6,407.21,1239.39
21145,24-09-2021,5026,Cricket Bat,Sports,3,3983.82,859.73,3124.09
21146,09-04-2021,5026,Cricket Bat,Sports,1,1640.16,42.45,1597.71
21147,28-02-2021,5026,Cricket Bat,Sports,1,871.63,137.86,733.77
21148,11-05-2022,5026,Cricket Bat,Sports,3,10065.6,1695.03,8370.57
21149,21-02-2022,5026,Cricket Bat,Sports,3,8875.32,708.82,8166.5
21150,06-03-2022,5026,Cricket Bat,Sports,4,6950.16,1395.23,5554.93
21151,09-05-2022,5026,Cricket Bat,Sports,1,890.87,203.55,687.32
21152,10-10-2022,5026,Cricket Bat,Sports,2,4526.48,645.39,3881.09
21153,07-08-2022,5026,Cricket Bat,Sports,2,3089.38,395.5,2693.88
21154,22-06-2022,5026,Cricket Bat,Sports,1,2644.83,194.04,2450.79
21155,16-08-2022,5026,Cricket Bat,Sports,4,12971.32,738.26,12233.06
21156,04-11-2022,5026,Cricket Bat,Sports,6,9043.38,529.77,8513.61
21157,16-03-2022,5026,Cricket Bat,Sports,8,14416.72,1176.47,13240.25
21158,04-06-2022,5026,Cricket Bat,Sports,8,21618.4,3362.9,18255.5
21159,11-03-2022,5026,Cricket Bat,Sports,2,2763.44,665.3,2098.14
21160,16-03-2022,5026,Cricket Bat,Sports,5,16944.15,1839.43,15104.72
21161,06-09-2022,5026,Cricket Bat,Sports,6,16386.12,1525.6,14860.52
21162,04-08-2022,5026,Cricket Bat,Sports,5,8375.4,879.24,7496.16
21163,23-11-2022,5026,Cricket Bat,Sports,6,10562.34,2469.46,8092.88
21164,18-04-2022,5026,Cricket Bat,Sports,3,4071.48,647.8,3423.68
21165,10-05-2022,5026,Cricket Bat,Sports,4,10104.56,1565.29,8539.27
21166,01-07-2022,5026,Cricket Bat,Sports,4,8012.36,539.45,7472.91
21167,22-09-2022,5026,Cricket Bat,Sports,2,5346.48,398.68,4947.8
21168,22-02-2022,5026,Cricket Bat,Sports,5,16271.75,4038.44,12233.31
21169,19-11-2022,5026,Cricket Bat,Sports,1,1043,254.73,788.27
21170,09-02-2022,5026,Cricket Bat,Sports,6,18893.82,3389.94,15503.88
21171,14-09-2022,5026,Cricket Bat,Sports,6,19040.82,2962.49,16078.33
21172,01-03-2022,5026,Cricket Bat,Sports,4,13841.6,3161.66,10679.94
21173,04-04-2022,5026,Cricket Bat,Sports,4,13089.76,1067,12022.76
21174,17-12-2022,5026,Cricket Bat,Sports,6,14463.9,1567.24,12896.66
21175,01-12-2022,5026,Cricket Bat,Sports,2,4296.96,775.46,3521.5
21176,04-07-2022,5026,Cricket Bat,Sports,5,9366.25,1108.94,8257.31
21177,01-11-2022,5026,Cricket Bat,Sports,1,3479.7,864.79,2614.91
21178,18-10-2022,5026,Cricket Bat,Sports,7,4828.39,902.89,3925.5
21179,05-09-2022,5026,Cricket Bat,Sports,6,19374.18,2036.52,17337.66
21180,05-03-2021,5027,Football,Sports,3,1559.49,317.01,1242.48
21181,06-02-2021,5027,Football,Sports,5,9171.95,1395.23,7776.72
21182,16-09-2021,5027,Football,Sports,7,11915.05,2293.75,9621.3
21183,02-12-2021,5027,Football,Sports,4,6263.68,466.35,5797.33
21184,08-01-2021,5027,Football,Sports,6,5753.64,237.59,5516.05
21185,19-08-2021,5027,Football,Sports,7,11118.38,1440.55,9677.83
21186,08-01-2021,5027,Football,Sports,1,1666.3,226.14,1440.16
21187,20-01-2021,5027,Football,Sports,3,2442.06,194.76,2247.3
21188,25-06-2021,5027,Football,Sports,2,2570.08,98.01,2472.07
21189,03-05-2021,5027,Football,Sports,8,7749.52,430.72,7318.8
21190,14-05-2021,5027,Football,Sports,6,19623.42,871.63,18751.79
21191,14-09-2021,5027,Football,Sports,3,6349.89,853.97,5495.92
21192,21-12-2021,5027,Football,Sports,3,8678.37,1750.79,6927.58
21193,17-05-2021,5027,Football,Sports,1,1273.4,55.48,1217.92
21194,24-12-2021,5027,Football,Sports,4,7442.56,436.59,7005.97
21195,07-11-2021,5027,Football,Sports,7,7122.57,885.97,6236.6
21196,15-04-2021,5027,Football,Sports,1,2500.46,430.65,2069.81
21197,14-04-2022,5027,Football,Sports,2,3892.34,335.39,3556.95
21198,11-06-2022,5027,Football,Sports,4,4167.28,726.16,3441.12
21199,02-04-2022,5027,Football,Sports,7,10818.78,2317.95,8500.83
21200,05-02-2022,5027,Football,Sports,2,772.06,111.87,660.19
21201,21-05-2022,5027,Football,Sports,2,2862.32,505.21,2357.11
21202,07-05-2022,5027,Football,Sports,2,4787.82,641.52,4146.3
21203,10-08-2022,5027,Football,Sports,2,6557.06,1359.55,5197.51
21204,05-08-2022,5027,Football,Sports,3,1124.49,135.6,988.89
21205,22-11-2022,5027,Football,Sports,1,2486.52,380.37,2106.15
21206,02-12-2022,5027,Football,Sports,2,1056.34,99.37,956.97
21207,08-01-2022,5027,Football,Sports,5,6578.55,1183.87,5394.68
21208,14-06-2022,5027,Football,Sports,5,3460.15,417.6,3042.55
21209,01-03-2022,5027,Football,Sports,3,1369.23,256.05,1113.18
21210,21-04-2022,5027,Football,Sports,3,7073.25,565.55,6507.7
21211,04-02-2022,5027,Football,Sports,7,3206.42,227.11,2979.31
21212,02-03-2022,5027,Football,Sports,6,2592.6,234.34,2358.26
21213,11-10-2022,5027,Football,Sports,8,27178.56,4569.9,22608.66
21214,18-10-2022,5027,Football,Sports,4,4769.52,319.36,4450.16
21215,12-06-2021,5028,Dumbbell Set,Sports,4,8901.68,1528.34,7373.34
21216,17-03-2021,5028,Dumbbell Set,Sports,1,1552.92,268.28,1284.64
21217,02-03-2021,5028,Dumbbell Set,Sports,5,5369.5,1058.39,4311.11
21218,15-12-2021,5028,Dumbbell Set,Sports,6,11299.62,873.02,10426.6
21219,18-09-2021,5028,Dumbbell Set,Sports,7,13807.78,1206.89,12600.89
21220,02-12-2021,5028,Dumbbell Set,Sports,5,8833.15,1662.01,7171.14
21221,24-04-2021,5028,Dumbbell Set,Sports,8,24305.44,4451,19854.44
21222,12-08-2021,5028,Dumbbell Set,Sports,2,5356.58,1010.65,4345.93
21223,27-04-2021,5028,Dumbbell Set,Sports,4,13776.56,1644.92,12131.64
21224,22-12-2021,5028,Dumbbell Set,Sports,5,11390.2,2044.6,9345.6
21225,18-05-2021,5028,Dumbbell Set,Sports,1,1294.91,147.9,1147.01
21226,20-07-2021,5028,Dumbbell Set,Sports,5,14223.9,1034.64,13189.26
21227,16-06-2021,5028,Dumbbell Set,Sports,2,5121.64,970.64,4151
21228,16-03-2021,5028,Dumbbell Set,Sports,2,2774.06,227.66,2546.4
21229,02-08-2021,5028,Dumbbell Set,Sports,3,9448.56,2033.64,7414.92
21230,10-08-2021,5028,Dumbbell Set,Sports,7,4693.78,260.04,4433.74
21231,06-11-2021,5028,Dumbbell Set,Sports,3,3989.85,135.47,3854.38
21232,28-11-2021,5028,Dumbbell Set,Sports,4,5042.08,1088.51,3953.57
21233,14-01-2021,5028,Dumbbell Set,Sports,7,5559.47,1099.27,4460.2
21234,17-06-2021,5028,Dumbbell Set,Sports,2,1046.16,86.28,959.88
21235,13-09-2021,5028,Dumbbell Set,Sports,5,17278.9,1903.26,15375.64
21236,13-03-2021,5028,Dumbbell Set,Sports,1,2614.76,120.9,2493.86
21237,05-06-2022,5028,Dumbbell Set,Sports,1,2242.3,142.02,2100.28
21238,19-01-2022,5028,Dumbbell Set,Sports,4,4536.84,299.63,4237.21
21239,08-04-2022,5028,Dumbbell Set,Sports,8,16904.64,2572.36,14332.28
21240,04-06-2022,5028,Dumbbell Set,Sports,1,2064.95,286.38,1778.57
21241,03-10-2022,5028,Dumbbell Set,Sports,8,4478.72,308.79,4169.93
21242,14-05-2022,5028,Dumbbell Set,Sports,6,1209.3,87.67,1121.63
21243,13-06-2022,5028,Dumbbell Set,Sports,4,9362,1096.74,8265.26
21244,19-06-2022,5028,Dumbbell Set,Sports,4,5654.56,162.46,5492.1
21245,26-09-2022,5028,Dumbbell Set,Sports,5,5258.8,1043.97,4214.83
21246,15-08-2022,5028,Dumbbell Set,Sports,1,332.17,35.7,296.47
21247,20-04-2022,5028,Dumbbell Set,Sports,3,8268.15,1766.88,6501.27
21248,13-09-2022,5028,Dumbbell Set,Sports,3,8486.43,373.9,8112.53
21249,25-05-2022,5028,Dumbbell Set,Sports,8,26360.88,5850.37,20510.51
21250,15-05-2022,5028,Dumbbell Set,Sports,4,9888.32,351.23,9537.09
21251,06-02-2022,5028,Dumbbell Set,Sports,6,996.6,113.99,882.61
21252,10-08-2022,5028,Dumbbell Set,Sports,6,11273.7,2771.3,8502.4
21253,04-03-2022,5028,Dumbbell Set,Sports,8,4254.96,369.15,3885.81
21254,07-09-2022,5028,Dumbbell Set,Sports,4,12359.88,1264.27,11095.61
21255,20-06-2022,5028,Dumbbell Set,Sports,5,5506.75,217.1,5289.65
21256,12-12-2022,5028,Dumbbell Set,Sports,2,2752.44,678.13,2074.31
21257,11-11-2022,5028,Dumbbell Set,Sports,3,3750.78,803.99,2946.79
21258,06-06-2022,5028,Dumbbell Set,Sports,7,1581.51,358.36,1223.15
21259,13-04-2022,5028,Dumbbell Set,Sports,1,692.64,119.39,573.25
21260,18-11-2022,5028,Dumbbell Set,Sports,8,10867.04,863.11,10003.93
21261,26-03-2022,5028,Dumbbell Set,Sports,8,5611.2,1295.49,4315.71
21262,01-01-2021,5029,Skipping Rope,Sports,7,6202.21,1494.34,4707.87
21263,13-11-2021,5029,Skipping Rope,Sports,1,1815.02,233.48,1581.54
21264,18-04-2021,5029,Skipping Rope,Sports,3,1128.06,67.83,1060.23
21265,09-03-2021,5029,Skipping Rope,Sports,3,7506.48,1480.24,6026.24
21266,17-11-2021,5029,Skipping Rope,Sports,6,6737.28,962.53,5774.75
21267,16-12-2021,5029,Skipping Rope,Sports,2,1202.86,109.45,1093.41
21268,07-11-2021,5029,Skipping Rope,Sports,4,9603.04,1833.09,7769.95
21269,19-06-2021,5029,Skipping Rope,Sports,3,8018.88,831.75,7187.13
21270,18-08-2021,5029,Skipping Rope,Sports,3,8712.66,1482.45,7230.21
21271,03-02-2021,5029,Skipping Rope,Sports,1,2132.99,380.63,1752.36
21272,24-09-2021,5029,Skipping Rope,Sports,3,3139.11,673.45,2465.66
21273,27-03-2021,5029,Skipping Rope,Sports,1,202.78,45.58,157.2
21274,03-08-2021,5029,Skipping Rope,Sports,8,15477.36,3379.62,12097.74
21275,11-04-2021,5029,Skipping Rope,Sports,6,13025.88,655.07,12370.81
21276,03-06-2021,5029,Skipping Rope,Sports,2,450.54,83.57,366.97
21277,06-01-2021,5029,Skipping Rope,Sports,5,11999,1069.86,10929.14
21278,03-12-2021,5029,Skipping Rope,Sports,4,13863.4,1680.85,12182.55
21279,18-05-2021,5029,Skipping Rope,Sports,1,2865.82,539.91,2325.91
21280,10-04-2021,5029,Skipping Rope,Sports,2,6658.12,1145.78,5512.34
21281,20-08-2021,5029,Skipping Rope,Sports,3,4287.63,621.04,3666.59
21282,26-07-2021,5029,Skipping Rope,Sports,8,23431.2,5531.19,17900.01
21283,09-04-2021,5029,Skipping Rope,Sports,5,13226.3,2793.18,10433.12
21284,05-04-2021,5029,Skipping Rope,Sports,5,7384.55,528.27,6856.28
21285,15-04-2021,5029,Skipping Rope,Sports,6,10176.12,1017.88,9158.24
21286,01-08-2021,5029,Skipping Rope,Sports,6,8964.24,509.07,8455.17
21287,24-08-2021,5029,Skipping Rope,Sports,7,4715.34,923.29,3792.05
21288,06-07-2021,5029,Skipping Rope,Sports,8,27211.6,1856.16,25355.44
21289,21-04-2021,5029,Skipping Rope,Sports,4,5334.16,1103.44,4230.72
21290,09-02-2021,5029,Skipping Rope,Sports,5,6589.05,315.44,6273.61
21291,13-05-2021,5029,Skipping Rope,Sports,4,4830.6,993.76,3836.84
21292,09-05-2021,5029,Skipping Rope,Sports,3,5999.07,949.94,5049.13
21293,05-11-2021,5029,Skipping Rope,Sports,3,3385.2,739.45,2645.75
21294,14-11-2021,5029,Skipping Rope,Sports,8,12902.96,2256.34,10646.62
21295,07-07-2021,5029,Skipping Rope,Sports,2,1346.08,80.27,1265.81
21296,11-03-2021,5029,Skipping Rope,Sports,4,9234.84,1106.53,8128.31
21297,05-05-2021,5029,Skipping Rope,Sports,2,1525.82,233.18,1292.64
21298,06-04-2021,5029,Skipping Rope,Sports,8,16915.12,1089.65,15825.47
21299,17-11-2021,5029,Skipping Rope,Sports,8,23626.72,563.4,23063.32
21300,19-11-2022,5029,Skipping Rope,Sports,2,3903.96,273.48,3630.48
21301,21-05-2022,5029,Skipping Rope,Sports,4,13189.32,785.42,12403.9
21302,12-06-2022,5029,Skipping Rope,Sports,2,3515.6,123.06,3392.54
21303,06-11-2022,5029,Skipping Rope,Sports,5,3319.25,486.79,2832.46
21304,26-12-2022,5029,Skipping Rope,Sports,2,701.4,106.39,595.01
21305,03-04-2021,5030,Remote Car,Toys,5,4982.35,198.53,4783.82
21306,06-08-2021,5030,Remote Car,Toys,5,753.05,174.05,579
21307,12-04-2021,5030,Remote Car,Toys,4,11165.76,2079.34,9086.42
21308,25-02-2021,5030,Remote Car,Toys,4,12169,563.69,11605.31
21309,04-12-2021,5030,Remote Car,Toys,8,19883.92,3966.37,15917.55
21310,07-04-2021,5030,Remote Car,Toys,6,1637.04,317.73,1319.31
21311,21-07-2021,5030,Remote Car,Toys,7,6297.48,731.27,5566.21
21312,26-10-2021,5030,Remote Car,Toys,8,19337.76,2988.1,16349.66
21313,27-09-2021,5030,Remote Car,Toys,8,8556.88,1800.63,6756.25
21314,07-07-2021,5030,Remote Car,Toys,1,2025.02,255.38,1769.64
21315,08-10-2021,5030,Remote Car,Toys,2,835,87.56,747.44
21316,01-07-2021,5030,Remote Car,Toys,1,1017.24,134.58,882.66
21317,27-03-2021,5030,Remote Car,Toys,4,6897.84,345.74,6552.1
21318,14-05-2021,5030,Remote Car,Toys,4,2512.44,277.4,2235.04
21319,13-01-2022,5030,Remote Car,Toys,8,20500.56,2861.19,17639.37
21320,11-04-2022,5030,Remote Car,Toys,2,1158.74,201.83,956.91
21321,02-05-2022,5030,Remote Car,Toys,5,5870.75,854.45,5016.3
21322,04-03-2022,5030,Remote Car,Toys,2,5198.6,185.44,5013.16
21323,01-05-2022,5030,Remote Car,Toys,6,15066.6,2436.55,12630.05
21324,17-11-2022,5030,Remote Car,Toys,7,22040.97,1037.96,21003.01
21325,10-08-2022,5030,Remote Car,Toys,8,27122.08,2932.21,24189.87
21326,08-07-2022,5030,Remote Car,Toys,7,23768.43,2234.41,21534.02
21327,23-11-2022,5030,Remote Car,Toys,7,10270.19,1989.56,8280.63
21328,27-05-2022,5030,Remote Car,Toys,2,4228.16,718.3,3509.86
21329,28-05-2022,5030,Remote Car,Toys,4,2655.88,291.2,2364.68
21330,09-10-2022,5030,Remote Car,Toys,6,3968.22,553.28,3414.94
21331,05-07-2022,5030,Remote Car,Toys,5,15781.1,1179.68,14601.42
21332,01-09-2022,5030,Remote Car,Toys,7,2966.67,478.21,2488.46
21333,26-11-2022,5030,Remote Car,Toys,5,16007.9,1939.57,14068.33
21334,13-02-2021,5031,Building Blocks,Toys,5,9227.6,1920.29,7307.31
21335,12-07-2021,5031,Building Blocks,Toys,3,8474.49,342.41,8132.08
21336,05-01-2021,5031,Building Blocks,Toys,4,9153.4,1899.1,7254.3
21337,07-09-2021,5031,Building Blocks,Toys,2,1217.56,254.3,963.26
21338,15-07-2021,5031,Building Blocks,Toys,5,10565.05,971.29,9593.76
21339,19-01-2021,5031,Building Blocks,Toys,2,3939,673.4,3265.6
21340,20-05-2021,5031,Building Blocks,Toys,1,3041.96,131.11,2910.85
21341,19-02-2021,5031,Building Blocks,Toys,4,8473.96,1574.75,6899.21
21342,22-05-2021,5031,Building Blocks,Toys,8,8956,1362.38,7593.62
21343,10-01-2021,5031,Building Blocks,Toys,8,16896.16,1500.16,15396
21344,21-05-2021,5031,Building Blocks,Toys,2,930.62,129.14,801.48
21345,08-06-2021,5031,Building Blocks,Toys,6,3210.18,439.86,2770.32
21346,10-09-2021,5031,Building Blocks,Toys,5,7012.3,805.12,6207.18
21347,09-09-2021,5031,Building Blocks,Toys,4,13868.92,3286.28,10582.64
21348,27-05-2021,5031,Building Blocks,Toys,4,2407.8,351.43,2056.37
21349,26-03-2021,5031,Building Blocks,Toys,1,416.41,91.01,325.4
21350,12-03-2021,5031,Building Blocks,Toys,5,12304.95,2876.86,9428.09
21351,15-07-2021,5031,Building Blocks,Toys,3,7621.5,320.68,7300.82
21352,26-11-2021,5031,Building Blocks,Toys,2,1535.78,257.49,1278.29
21353,22-09-2021,5031,Building Blocks,Toys,7,2061.29,131.83,1929.46
21354,22-07-2022,5031,Building Blocks,Toys,7,5638.99,977.29,4661.7
21355,24-09-2022,5031,Building Blocks,Toys,5,7489.35,1130.84,6358.51
21356,13-09-2022,5031,Building Blocks,Toys,4,5833,305.64,5527.36
21357,25-09-2022,5031,Building Blocks,Toys,6,20850.54,2649.77,18200.77
21358,08-02-2022,5031,Building Blocks,Toys,2,5090.32,1200.67,3889.65
21359,26-06-2022,5031,Building Blocks,Toys,5,15692.85,1971.3,13721.55
21360,10-06-2022,5031,Building Blocks,Toys,6,20676.06,4647.19,16028.87
21361,28-03-2022,5031,Building Blocks,Toys,3,2161.5,120.62,2040.88
21362,17-10-2022,5031,Building Blocks,Toys,4,7010.72,1534.72,5476
21363,05-09-2022,5031,Building Blocks,Toys,3,7656.27,546.95,7109.32
21364,28-06-2022,5031,Building Blocks,Toys,5,5818.95,474.39,5344.56
21365,01-07-2022,5031,Building Blocks,Toys,7,6207.25,789.92,5417.33
21366,28-08-2022,5031,Building Blocks,Toys,7,19490.1,810.84,18679.26
21367,13-04-2022,5031,Building Blocks,Toys,5,4778.3,747.88,4030.42
21368,23-08-2022,5031,Building Blocks,Toys,7,14697.9,1997.88,12700.02
21369,15-04-2022,5031,Building Blocks,Toys,5,4316.6,144.4,4172.2
21370,02-10-2022,5031,Building Blocks,Toys,2,5422.9,845.44,4577.46
21371,23-11-2022,5031,Building Blocks,Toys,8,15934.24,3297.7,12636.54
21372,18-03-2022,5031,Building Blocks,Toys,8,8324.8,930.78,7394.02
21373,03-04-2022,5031,Building Blocks,Toys,6,12943.62,3003.42,9940.2
21374,19-05-2022,5031,Building Blocks,Toys,6,1852.92,250.54,1602.38
21375,04-09-2022,5031,Building Blocks,Toys,1,1266.51,231.1,1035.41
21376,09-11-2022,5031,Building Blocks,Toys,5,16450.1,3272.12,13177.98
21377,15-08-2022,5031,Building Blocks,Toys,8,13718.08,2062.15,11655.93
21378,23-02-2022,5031,Building Blocks,Toys,3,8580.15,661.46,7918.69
21379,22-11-2022,5031,Building Blocks,Toys,3,2555.58,174.01,2381.57
21380,11-11-2022,5031,Building Blocks,Toys,4,13322.2,3320.47,10001.73
21381,21-01-2021,5032,Puzzle Set,Toys,3,8626.5,287.34,8339.16
21382,03-08-2021,5032,Puzzle Set,Toys,2,3332.08,80.31,3251.77
21383,24-08-2021,5032,Puzzle Set,Toys,7,12873.14,512.61,12360.53
21384,28-04-2021,5032,Puzzle Set,Toys,3,8286.69,1283.16,7003.53
21385,11-04-2021,5032,Puzzle Set,Toys,5,11309.2,1307.58,10001.62
21386,21-01-2021,5032,Puzzle Set,Toys,1,1232.09,196.6,1035.49
21387,07-07-2021,5032,Puzzle Set,Toys,4,5097.8,116.08,4981.72
21388,27-02-2021,5032,Puzzle Set,Toys,1,3008.33,654.31,2354.02
21389,23-08-2021,5032,Puzzle Set,Toys,8,27091.52,5756.92,21334.6
21390,13-10-2021,5032,Puzzle Set,Toys,6,1151.88,124.65,1027.23
21391,14-05-2021,5032,Puzzle Set,Toys,2,3647.92,515.12,3132.8
21392,16-02-2021,5032,Puzzle Set,Toys,2,3009.4,130.91,2878.49
21393,14-12-2021,5032,Puzzle Set,Toys,1,537.92,84.89,453.03
21394,02-05-2021,5032,Puzzle Set,Toys,7,16644.67,1391.62,15253.05
21395,27-01-2021,5032,Puzzle Set,Toys,8,25189.52,1937.75,23251.77
21396,15-10-2021,5032,Puzzle Set,Toys,7,3477.04,572.28,2904.76
21397,20-10-2021,5032,Puzzle Set,Toys,1,1261.58,182.8,1078.78
21398,13-10-2021,5032,Puzzle Set,Toys,1,1592.02,355.07,1236.95
21399,19-12-2022,5032,Puzzle Set,Toys,3,6714.15,872.45,5841.7
21400,18-11-2022,5032,Puzzle Set,Toys,1,2511.58,597.25,1914.33
21401,05-01-2022,5032,Puzzle Set,Toys,6,15165.06,2749.05,12416.01
21402,01-04-2022,5032,Puzzle Set,Toys,3,8493.21,634.96,7858.25
21403,27-07-2022,5032,Puzzle Set,Toys,4,10591.52,1960.9,8630.62
21404,25-10-2022,5032,Puzzle Set,Toys,6,13252.32,697.32,12555
21405,08-02-2022,5032,Puzzle Set,Toys,8,15029.52,1633.84,13395.68
21406,05-06-2022,5032,Puzzle Set,Toys,8,5889.36,874.34,5015.02
21407,12-05-2022,5032,Puzzle Set,Toys,1,1918.38,389.62,1528.76
21408,04-01-2022,5032,Puzzle Set,Toys,3,8875.2,179.44,8695.76
21409,22-09-2022,5032,Puzzle Set,Toys,2,2486.96,90.41,2396.55
21410,05-07-2022,5032,Puzzle Set,Toys,5,9824.95,287.85,9537.1
21411,28-02-2022,5032,Puzzle Set,Toys,8,14795.6,783.1,14012.5
21412,07-02-2022,5032,Puzzle Set,Toys,3,8594.22,624.77,7969.45
21413,02-01-2022,5032,Puzzle Set,Toys,5,2384.6,468.05,1916.55
21414,21-08-2022,5032,Puzzle Set,Toys,6,20555.04,1022.82,19532.22
21415,11-03-2022,5032,Puzzle Set,Toys,7,17098.34,3680.11,13418.23
21416,15-10-2022,5032,Puzzle Set,Toys,5,14247.4,2266.98,11980.42
21417,05-03-2022,5032,Puzzle Set,Toys,6,18773.04,1421.59,17351.45
21418,01-12-2022,5032,Puzzle Set,Toys,2,1651.34,149.35,1501.99
21419,10-01-2022,5032,Puzzle Set,Toys,6,2873.16,243.7,2629.46
21420,15-11-2022,5032,Puzzle Set,Toys,3,4899.45,202.64,4696.81
21421,06-07-2022,5032,Puzzle Set,Toys,3,2534.07,594.3,1939.77
21422,03-01-2022,5032,Puzzle Set,Toys,7,3007.13,230.87,2776.26
21423,02-11-2022,5032,Puzzle Set,Toys,7,15726.69,736.69,14990
21424,11-07-2022,5032,Puzzle Set,Toys,4,3843.52,774.08,3069.44
21425,12-12-2022,5032,Puzzle Set,Toys,8,15450.24,2794.34,12655.9
21426,13-03-2022,5032,Puzzle Set,Toys,2,2262.7,192.11,2070.59
21427,04-12-2022,5032,Puzzle Set,Toys,4,6452.4,788.47,5663.93
21428,28-04-2022,5032,Puzzle Set,Toys,8,9338.72,1523.86,7814.86
21429,04-02-2022,5032,Puzzle Set,Toys,8,2879.04,351.6,2527.44
21430,09-07-2022,5032,Puzzle Set,Toys,8,8131.36,355.48,7775.88
21431,23-09-2022,5032,Puzzle Set,Toys,3,5587.08,356.95,5230.13
21432,16-01-2022,5032,Puzzle Set,Toys,7,20650.14,4992.86,15657.28
21433,13-06-2022,5032,Puzzle Set,Toys,2,4032.54,751.58,3280.96
21434,22-07-2021,5033,Action Figure,Toys,3,3542.49,490.43,3052.06
21435,11-05-2021,5033,Action Figure,Toys,8,23456.16,2021.45,21434.71
21436,16-10-2021,5033,Action Figure,Toys,3,2191.44,171.84,2019.6
21437,28-09-2021,5033,Action Figure,Toys,1,1534.71,380.46,1154.25
21438,09-01-2021,5033,Action Figure,Toys,8,11229.12,2364.85,8864.27
21439,14-04-2021,5033,Action Figure,Toys,1,1719.3,196.95,1522.35
21440,23-04-2021,5033,Action Figure,Toys,2,896.32,219.55,676.77
21441,10-04-2021,5033,Action Figure,Toys,7,5805.38,612.28,5193.1
21442,22-11-2021,5033,Action Figure,Toys,8,18170.24,1891.18,16279.06
21443,08-02-2021,5033,Action Figure,Toys,2,2367,109.87,2257.13
21444,15-12-2021,5033,Action Figure,Toys,7,16554.09,2502.77,14051.32
21445,06-11-2021,5033,Action Figure,Toys,4,13184.48,2055.78,11128.7
21446,14-09-2021,5033,Action Figure,Toys,6,5925.66,548.39,5377.27
21447,24-08-2021,5033,Action Figure,Toys,8,2196.16,296.27,1899.89
21448,07-09-2021,5033,Action Figure,Toys,1,2874.26,94.71,2779.55
21449,26-05-2021,5033,Action Figure,Toys,2,6257.8,465.39,5792.41
21450,15-05-2021,5033,Action Figure,Toys,7,13546.68,403.53,13143.15
21451,23-04-2022,5033,Action Figure,Toys,2,2848.36,659.06,2189.3
21452,10-12-2022,5033,Action Figure,Toys,6,2245.38,330.67,1914.71
21453,14-11-2022,5033,Action Figure,Toys,4,2265.92,86.4,2179.52
21454,28-01-2021,5034,Board Game,Toys,7,15718.5,1323.67,14394.83
21455,08-08-2021,5034,Board Game,Toys,5,3864.35,238.55,3625.8
21456,23-08-2021,5034,Board Game,Toys,6,16156.98,821.77,15335.21
21457,21-12-2021,5034,Board Game,Toys,7,18931.29,662.28,18269.01
21458,12-05-2021,5034,Board Game,Toys,5,9668.9,1613.82,8055.08
21459,18-02-2021,5034,Board Game,Toys,6,8615.7,1399.83,7215.87
21460,01-06-2021,5034,Board Game,Toys,1,1639.54,360.33,1279.21
21461,24-11-2021,5034,Board Game,Toys,6,6960.48,511.1,6449.38
21462,08-12-2021,5034,Board Game,Toys,5,4241.35,702.91,3538.44
21463,25-09-2021,5034,Board Game,Toys,8,16557.12,3436.42,13120.7
21464,03-07-2021,5034,Board Game,Toys,1,2077.31,400.98,1676.33
21465,18-10-2021,5034,Board Game,Toys,7,15832.39,2674.35,13158.04
21466,07-08-2021,5034,Board Game,Toys,7,19436.55,2848.93,16587.62
21467,16-04-2021,5034,Board Game,Toys,1,1723.03,386.69,1336.34
21468,16-06-2021,5034,Board Game,Toys,1,2478.82,216.13,2262.69
21469,25-12-2021,5034,Board Game,Toys,3,6846.27,834.85,6011.42
21470,20-12-2021,5034,Board Game,Toys,4,4419.84,588.28,3831.56
21471,24-03-2021,5034,Board Game,Toys,4,13837.72,1543.97,12293.75
21472,04-01-2021,5034,Board Game,Toys,5,6587,1237.02,5349.98
21473,05-10-2021,5034,Board Game,Toys,3,4610.01,394.82,4215.19
21474,25-06-2021,5034,Board Game,Toys,3,10132.56,909.71,9222.85
21475,14-09-2021,5034,Board Game,Toys,5,11510.2,1434.76,10075.44
21476,25-05-2021,5034,Board Game,Toys,6,6023.94,1436.11,4587.83
21477,01-12-2021,5034,Board Game,Toys,4,5023.44,471.38,4552.06
21478,26-04-2021,5034,Board Game,Toys,7,7216.44,712.32,6504.12
21479,10-05-2022,5034,Board Game,Toys,1,1868.14,447.23,1420.91
21480,07-03-2022,5034,Board Game,Toys,6,3245.58,339.04,2906.54
21481,17-02-2022,5034,Board Game,Toys,3,4743.48,189.47,4554.01
21482,16-08-2022,5034,Board Game,Toys,5,6882.1,956.49,5925.61
21483,02-12-2022,5034,Board Game,Toys,6,9356.82,1527.92,7828.9
21484,18-05-2022,5034,Board Game,Toys,3,5229.33,500.98,4728.35
21485,08-03-2022,5034,Board Game,Toys,5,10939.55,466.95,10472.6
21486,08-04-2022,5034,Board Game,Toys,1,810.12,113.74,696.38
21487,18-03-2022,5034,Board Game,Toys,8,10594.64,1426.2,9168.44
21488,02-11-2022,5034,Board Game,Toys,4,9512.6,694.83,8817.77
21489,16-09-2022,5034,Board Game,Toys,4,1204.8,119.33,1085.47
21490,09-02-2022,5034,Board Game,Toys,6,3266.34,177.2,3089.14
21491,06-09-2022,5034,Board Game,Toys,2,3763.18,203.89,3559.29
21492,05-07-2022,5034,Board Game,Toys,5,4392.55,860.62,3531.93
21493,03-08-2022,5034,Board Game,Toys,8,10256.72,1143.99,9112.73
21494,16-08-2021,5035,Rice Pack 5kg,Grocery,4,3266.84,443,2823.84
21495,23-02-2021,5035,Rice Pack 5kg,Grocery,8,21948.96,4221.93,17727.03
21496,25-10-2021,5035,Rice Pack 5kg,Grocery,2,2558.02,139.19,2418.83
21497,26-04-2021,5035,Rice Pack 5kg,Grocery,6,8170.5,310.32,7860.18
21498,25-02-2021,5035,Rice Pack 5kg,Grocery,1,1145.18,187.62,957.56
21499,16-08-2021,5035,Rice Pack 5kg,Grocery,5,14356.9,1281.57,13075.33
21500,27-09-2021,5035,Rice Pack 5kg,Grocery,1,778.3,47.36,730.94
21501,28-04-2021,5035,Rice Pack 5kg,Grocery,6,14513.82,1709.25,12804.57
21502,03-12-2021,5035,Rice Pack 5kg,Grocery,2,3841.12,824.14,3016.98
21503,20-01-2021,5035,Rice Pack 5kg,Grocery,3,608.73,141.52,467.21
21504,20-08-2021,5035,Rice Pack 5kg,Grocery,5,5359.75,143.22,5216.53
21505,09-10-2021,5035,Rice Pack 5kg,Grocery,1,1057.38,133.34,924.04
21506,24-04-2021,5035,Rice Pack 5kg,Grocery,4,3857.76,101.9,3755.86
21507,22-11-2021,5035,Rice Pack 5kg,Grocery,5,2947.1,339.1,2608
21508,14-01-2021,5035,Rice Pack 5kg,Grocery,7,17403.89,2373.71,15030.18
21509,16-02-2021,5035,Rice Pack 5kg,Grocery,1,1507.43,77.31,1430.12
21510,06-08-2021,5035,Rice Pack 5kg,Grocery,3,8264.16,933.12,7331.04
21511,17-03-2021,5035,Rice Pack 5kg,Grocery,7,7569.31,299.37,7269.94
21512,15-02-2021,5035,Rice Pack 5kg,Grocery,6,12354.12,2776.08,9578.04
21513,18-09-2021,5035,Rice Pack 5kg,Grocery,3,10388.52,721.96,9666.56
21514,03-01-2021,5035,Rice Pack 5kg,Grocery,6,5549.7,402.68,5147.02
21515,14-01-2021,5035,Rice Pack 5kg,Grocery,3,798.09,184.99,613.1
21516,28-08-2021,5035,Rice Pack 5kg,Grocery,4,10764.64,962.07,9802.57
21517,07-11-2022,5035,Rice Pack 5kg,Grocery,3,6026.19,945.67,5080.52
21518,06-08-2022,5035,Rice Pack 5kg,Grocery,1,1302.68,273.02,1029.66
21519,04-06-2022,5035,Rice Pack 5kg,Grocery,4,6507.92,305.75,6202.17
21520,24-12-2022,5035,Rice Pack 5kg,Grocery,6,13926.84,2775.5,11151.34
21521,19-09-2022,5035,Rice Pack 5kg,Grocery,3,9706.38,1641.39,8064.99
21522,09-11-2022,5035,Rice Pack 5kg,Grocery,1,1804.59,350.23,1454.36
21523,02-10-2022,5035,Rice Pack 5kg,Grocery,3,3763.2,619.06,3144.14
21524,14-02-2022,5035,Rice Pack 5kg,Grocery,4,8117.2,837.64,7279.56
21525,05-07-2022,5035,Rice Pack 5kg,Grocery,7,7175.91,634.52,6541.39
21526,03-10-2022,5035,Rice Pack 5kg,Grocery,8,1653.68,307.49,1346.19
21527,16-07-2022,5035,Rice Pack 5kg,Grocery,8,5889.92,280.25,5609.67
21528,08-01-2022,5035,Rice Pack 5kg,Grocery,1,656.97,20.9,636.07
21529,10-12-2022,5035,Rice Pack 5kg,Grocery,8,19251.68,4413.52,14838.16
21530,27-04-2022,5035,Rice Pack 5kg,Grocery,4,6607.4,1386.73,5220.67
21531,15-08-2022,5035,Rice Pack 5kg,Grocery,7,3786.93,237.92,3549.01
21532,04-06-2022,5035,Rice Pack 5kg,Grocery,6,12834.24,3164.88,9669.36
21533,26-12-2022,5035,Rice Pack 5kg,Grocery,8,25720.64,6241.54,19479.1
21534,24-07-2022,5035,Rice Pack 5kg,Grocery,4,1519.24,313.05,1206.19
21535,19-11-2022,5035,Rice Pack 5kg,Grocery,8,22323.52,5255.55,17067.97
21536,05-10-2022,5035,Rice Pack 5kg,Grocery,2,4962.7,108.22,4854.48
21537,08-07-2022,5035,Rice Pack 5kg,Grocery,2,4236.52,512.99,3723.53
21538,19-04-2022,5035,Rice Pack 5kg,Grocery,6,2714.82,436.4,2278.42
21539,24-03-2022,5035,Rice Pack 5kg,Grocery,6,20333.4,3804.98,16528.42
21540,11-02-2022,5035,Rice Pack 5kg,Grocery,1,521.13,59.62,461.51
21541,06-10-2022,5035,Rice Pack 5kg,Grocery,6,17844.42,2195.31,15649.11
21542,18-06-2022,5035,Rice Pack 5kg,Grocery,4,2893.16,261.55,2631.61
21543,05-10-2022,5035,Rice Pack 5kg,Grocery,5,5015.6,776.19,4239.41
21544,15-05-2022,5035,Rice Pack 5kg,Grocery,3,3396.48,615.7,2780.78
21545,20-04-2022,5035,Rice Pack 5kg,Grocery,3,6353.85,776.04,5577.81
21546,24-04-2022,5035,Rice Pack 5kg,Grocery,6,4385.94,913.53,3472.41
21547,13-05-2022,5035,Rice Pack 5kg,Grocery,8,27484.32,1528.04,25956.28
21548,02-06-2022,5035,Rice Pack 5kg,Grocery,7,20427.61,3437.23,16990.38
21549,17-03-2022,5035,Rice Pack 5kg,Grocery,6,14607.24,1573.27,13033.97
21550,27-05-2022,5035,Rice Pack 5kg,Grocery,3,1741.71,400.78,1340.93
21551,27-12-2022,5035,Rice Pack 5kg,Grocery,8,14944.16,2351.74,12592.42
21552,06-03-2022,5035,Rice Pack 5kg,Grocery,6,20694,4078.14,16615.86
21553,01-05-2022,5035,Rice Pack 5kg,Grocery,7,5422.34,1308.15,4114.19
21554,07-02-2022,5035,Rice Pack 5kg,Grocery,2,5813.16,851.65,4961.51
21555,08-10-2021,5036,Cooking Oil 1L,Grocery,5,14564.65,2928.48,11636.17
21556,26-11-2021,5036,Cooking Oil 1L,Grocery,1,2488.67,556.3,1932.37
21557,22-11-2021,5036,Cooking Oil 1L,Grocery,2,4136.78,104.48,4032.3
21558,09-10-2021,5036,Cooking Oil 1L,Grocery,2,5807.74,898.58,4909.16
21559,07-07-2021,5036,Cooking Oil 1L,Grocery,4,7149.84,1038.05,6111.79
21560,15-06-2021,5036,Cooking Oil 1L,Grocery,1,2992.75,269.99,2722.76
21561,13-02-2021,5036,Cooking Oil 1L,Grocery,6,16625.58,2447.21,14178.37
21562,04-12-2021,5036,Cooking Oil 1L,Grocery,4,13356.4,2885.07,10471.33
21563,21-10-2021,5036,Cooking Oil 1L,Grocery,6,6570.18,543.15,6027.03
21564,08-02-2021,5036,Cooking Oil 1L,Grocery,1,434.32,46.83,387.49
21565,06-10-2021,5036,Cooking Oil 1L,Grocery,7,9016.14,738.39,8277.75
21566,06-11-2021,5036,Cooking Oil 1L,Grocery,5,3758.7,830.9,2927.8
21567,18-02-2021,5036,Cooking Oil 1L,Grocery,3,758.31,79.31,679
21568,16-09-2021,5036,Cooking Oil 1L,Grocery,3,6013.83,1125.84,4887.99
21569,15-10-2021,5036,Cooking Oil 1L,Grocery,3,871.56,183.98,687.58
21570,21-01-2021,5036,Cooking Oil 1L,Grocery,6,17717.28,458.94,17258.34
21571,26-01-2021,5036,Cooking Oil 1L,Grocery,3,1744.68,153.01,1591.67
21572,04-12-2021,5036,Cooking Oil 1L,Grocery,3,8430.09,960.76,7469.33
21573,18-03-2021,5036,Cooking Oil 1L,Grocery,5,6096.65,309.54,5787.11
21574,15-03-2021,5036,Cooking Oil 1L,Grocery,7,5279.82,473.57,4806.25
21575,18-03-2021,5036,Cooking Oil 1L,Grocery,6,11997.42,1354.06,10643.36
21576,17-02-2021,5036,Cooking Oil 1L,Grocery,6,13082.1,1636.39,11445.71
21577,04-12-2021,5036,Cooking Oil 1L,Grocery,2,4101.64,657.01,3444.63
21578,11-03-2021,5036,Cooking Oil 1L,Grocery,6,18267.36,444.77,17822.59
21579,04-02-2021,5036,Cooking Oil 1L,Grocery,3,7543.32,1531.15,6012.17
21580,11-05-2022,5036,Cooking Oil 1L,Grocery,1,637.26,124.37,512.89
21581,04-12-2022,5036,Cooking Oil 1L,Grocery,6,7883.34,1338.84,6544.5
21582,15-08-2022,5036,Cooking Oil 1L,Grocery,1,1288.07,120.92,1167.15
21583,04-09-2022,5036,Cooking Oil 1L,Grocery,6,18642.72,1887.5,16755.22
21584,17-12-2022,5036,Cooking Oil 1L,Grocery,7,17083.5,1740.84,15342.66
21585,18-09-2022,5036,Cooking Oil 1L,Grocery,6,9933.12,513.88,9419.24
21586,26-02-2022,5036,Cooking Oil 1L,Grocery,5,11275.9,2024.84,9251.06
21587,14-11-2022,5036,Cooking Oil 1L,Grocery,1,284.81,66.43,218.38
21588,18-05-2022,5036,Cooking Oil 1L,Grocery,3,4573.08,677.64,3895.44
21589,05-02-2022,5036,Cooking Oil 1L,Grocery,4,1978.96,102.74,1876.22
21590,15-11-2022,5036,Cooking Oil 1L,Grocery,1,3267.77,104.22,3163.55
21591,24-01-2022,5036,Cooking Oil 1L,Grocery,4,10704.68,2499.77,8204.91
21592,18-07-2022,5036,Cooking Oil 1L,Grocery,3,2020.38,285.52,1734.86
21593,19-12-2022,5036,Cooking Oil 1L,Grocery,7,23759.4,4895.49,18863.91
21594,27-01-2022,5036,Cooking Oil 1L,Grocery,4,9717.44,874.23,8843.21
21595,26-12-2022,5036,Cooking Oil 1L,Grocery,8,25968.88,727.44,25241.44
21596,05-07-2022,5036,Cooking Oil 1L,Grocery,8,4663.04,736.25,3926.79
21597,01-11-2021,5037,Tea Powder,Grocery,8,15990.8,2343.63,13647.17
21598,11-01-2021,5037,Tea Powder,Grocery,8,20332.8,4257.24,16075.56
21599,19-06-2021,5037,Tea Powder,Grocery,1,2322.89,70.66,2252.23
21600,16-02-2021,5037,Tea Powder,Grocery,2,892.64,100.02,792.62
21601,09-04-2021,5037,Tea Powder,Grocery,8,18554.88,2269.02,16285.86
21602,27-09-2021,5037,Tea Powder,Grocery,8,16745.44,2377.37,14368.07
21603,12-09-2021,5037,Tea Powder,Grocery,8,27343.04,6559.96,20783.08
21604,07-12-2021,5037,Tea Powder,Grocery,7,2815.19,136.38,2678.81
21605,23-06-2021,5037,Tea Powder,Grocery,3,5899.68,1365.66,4534.02
21606,27-11-2021,5037,Tea Powder,Grocery,4,13446.92,954.4,12492.52
21607,11-04-2021,5037,Tea Powder,Grocery,1,1494.4,128.33,1366.07
21608,17-01-2021,5037,Tea Powder,Grocery,7,8098.79,1417.02,6681.77
21609,13-09-2021,5037,Tea Powder,Grocery,5,13487.45,2050.16,11437.29
21610,23-11-2021,5037,Tea Powder,Grocery,3,5184.63,656.84,4527.79
21611,13-05-2021,5037,Tea Powder,Grocery,1,476.74,113.41,363.33
21612,06-06-2021,5037,Tea Powder,Grocery,1,3009.47,625.08,2384.39
21613,28-08-2021,5037,Tea Powder,Grocery,3,2771.37,290.77,2480.6
21614,20-10-2021,5037,Tea Powder,Grocery,2,2502.62,385.04,2117.58
21615,13-06-2021,5037,Tea Powder,Grocery,2,6637.16,1482.18,5154.98
21616,23-06-2021,5037,Tea Powder,Grocery,6,17300.7,911.77,16388.93
21617,19-01-2021,5037,Tea Powder,Grocery,2,3393.54,835.13,2558.41
21618,08-06-2021,5037,Tea Powder,Grocery,2,314.46,21.89,292.57
21619,18-07-2021,5037,Tea Powder,Grocery,5,16778.85,1313.78,15465.07
21620,03-01-2021,5037,Tea Powder,Grocery,5,12411.8,2077.68,10334.12
21621,19-02-2021,5037,Tea Powder,Grocery,7,21616.63,1708.78,19907.85
21622,12-01-2021,5037,Tea Powder,Grocery,7,1624.98,142.87,1482.11
21623,12-01-2021,5037,Tea Powder,Grocery,1,2099.02,156.22,1942.8
21624,17-12-2021,5037,Tea Powder,Grocery,8,3747.6,868.04,2879.56
21625,18-02-2021,5037,Tea Powder,Grocery,5,6585.4,349.18,6236.22
21626,24-02-2021,5037,Tea Powder,Grocery,8,13242.72,984,12258.72
21627,23-03-2021,5037,Tea Powder,Grocery,5,16419.85,1612.92,14806.93
21628,16-12-2021,5037,Tea Powder,Grocery,5,7599.2,1128.86,6470.34
21629,03-04-2021,5037,Tea Powder,Grocery,1,1967.62,427.22,1540.4
21630,05-01-2021,5037,Tea Powder,Grocery,8,10408.4,1185.58,9222.82
21631,10-10-2021,5037,Tea Powder,Grocery,7,5565.07,984.51,4580.56
21632,18-12-2021,5037,Tea Powder,Grocery,3,1736.49,211.61,1524.88
21633,06-12-2022,5037,Tea Powder,Grocery,1,3448.08,90.61,3357.47
21634,11-06-2022,5037,Tea Powder,Grocery,1,351.87,28.36,323.51
21635,19-04-2022,5037,Tea Powder,Grocery,2,6870.38,468.22,6402.16
21636,21-02-2022,5037,Tea Powder,Grocery,4,2042.64,145.6,1897.04
21637,19-08-2022,5037,Tea Powder,Grocery,2,2473.02,229.12,2243.9
21638,06-08-2022,5037,Tea Powder,Grocery,7,12094.67,680.03,11414.64
21639,26-07-2022,5037,Tea Powder,Grocery,8,6141.04,266.23,5874.81
21640,04-11-2022,5037,Tea Powder,Grocery,8,16237.92,2169.86,14068.06
21641,24-02-2022,5037,Tea Powder,Grocery,4,9575.72,1007.21,8568.51
21642,03-03-2022,5037,Tea Powder,Grocery,7,12133.31,1561.27,10572.04
21643,05-11-2022,5037,Tea Powder,Grocery,7,12683.58,2965.82,9717.76
21644,18-05-2022,5037,Tea Powder,Grocery,2,6306.4,1569.08,4737.32
21645,06-09-2022,5037,Tea Powder,Grocery,6,8386.5,1317.51,7068.99
21646,08-12-2022,5037,Tea Powder,Grocery,4,6572.92,1367.23,5205.69
21647,17-07-2022,5037,Tea Powder,Grocery,8,12900.96,2193.2,10707.76
21648,07-03-2022,5037,Tea Powder,Grocery,4,5230,1288.38,3941.62
21649,03-02-2022,5037,Tea Powder,Grocery,5,2723.8,167.4,2556.4
21650,21-08-2022,5037,Tea Powder,Grocery,8,1240.48,45.16,1195.32
21651,17-01-2022,5037,Tea Powder,Grocery,7,5456.78,1344.39,4112.39
21652,05-11-2022,5037,Tea Powder,Grocery,4,10726.04,1063.44,9662.6
21653,07-06-2022,5037,Tea Powder,Grocery,6,13953.84,897.52,13056.32
21654,07-05-2022,5037,Tea Powder,Grocery,1,3303.89,792.38,2511.51
21655,28-12-2022,5037,Tea Powder,Grocery,1,272.36,24.18,248.18
21656,23-10-2022,5037,Tea Powder,Grocery,2,464.4,111.99,352.41
21657,27-09-2022,5037,Tea Powder,Grocery,7,18546.15,1890.53,16655.62
21658,21-01-2022,5037,Tea Powder,Grocery,8,4993.36,140.36,4853
21659,23-11-2022,5037,Tea Powder,Grocery,8,9581.04,780.21,8800.83
21660,15-09-2022,5037,Tea Powder,Grocery,1,1112.9,250.43,862.47
21661,03-01-2022,5037,Tea Powder,Grocery,2,6349.66,1316.86,5032.8
21662,17-01-2022,5037,Tea Powder,Grocery,7,21142.66,4259.62,16883.04
21663,26-08-2022,5037,Tea Powder,Grocery,2,5604.66,267.85,5336.81
21664,13-01-2022,5037,Tea Powder,Grocery,2,6179.72,878.85,5300.87
21665,17-11-2022,5037,Tea Powder,Grocery,4,5902.76,418.93,5483.83
21666,11-11-2022,5037,Tea Powder,Grocery,1,2456.06,342.33,2113.73
21667,25-12-2022,5037,Tea Powder,Grocery,3,10368.78,2054.43,8314.35
21668,01-11-2022,5037,Tea Powder,Grocery,2,1480.58,108.9,1371.68
21669,13-06-2021,5038,Coffee Jar,Grocery,1,1308.41,226.37,1082.04
21670,27-09-2021,5038,Coffee Jar,Grocery,8,6538.24,587.98,5950.26
21671,25-01-2021,5038,Coffee Jar,Grocery,4,5110,588.11,4521.89
21672,15-12-2021,5038,Coffee Jar,Grocery,4,4744.2,1020.47,3723.73
21673,13-12-2021,5038,Coffee Jar,Grocery,4,6068.88,912.83,5156.05
21674,03-02-2021,5038,Coffee Jar,Grocery,2,1008.32,145.72,862.6
21675,02-08-2021,5038,Coffee Jar,Grocery,2,5200.16,840.49,4359.67
21676,02-04-2021,5038,Coffee Jar,Grocery,3,8749.65,1421.07,7328.58
21677,20-04-2021,5038,Coffee Jar,Grocery,7,10306.73,843.75,9462.98
21678,21-03-2021,5038,Coffee Jar,Grocery,6,13609.38,3191.59,10417.79
21679,15-03-2021,5038,Coffee Jar,Grocery,5,16870.25,2147.07,14723.18
21680,18-04-2022,5038,Coffee Jar,Grocery,4,7055.92,1617.28,5438.64
21681,22-10-2022,5038,Coffee Jar,Grocery,6,13956.18,2634.58,11321.6
21682,26-09-2022,5038,Coffee Jar,Grocery,3,1188.81,295.17,893.64
21683,22-12-2022,5038,Coffee Jar,Grocery,3,8945.28,510.13,8435.15
21684,01-03-2022,5038,Coffee Jar,Grocery,5,6874.15,1432.76,5441.39
21685,01-08-2022,5038,Coffee Jar,Grocery,5,12234.5,2654.32,9580.18
21686,14-03-2022,5038,Coffee Jar,Grocery,5,6777.75,640.75,6137
21687,17-01-2022,5038,Coffee Jar,Grocery,5,13115.75,1749.21,11366.54
21688,21-01-2022,5038,Coffee Jar,Grocery,4,1675.28,215.28,1460
21689,07-11-2022,5038,Coffee Jar,Grocery,8,25091.36,1206.98,23884.38
21690,15-09-2022,5038,Coffee Jar,Grocery,2,334.88,20.89,313.99
21691,22-09-2022,5038,Coffee Jar,Grocery,4,9021.36,1467.42,7553.94
21692,17-07-2022,5038,Coffee Jar,Grocery,2,4707.9,306.06,4401.84
21693,28-10-2022,5038,Coffee Jar,Grocery,5,2023.1,398.45,1624.65
21694,15-03-2022,5038,Coffee Jar,Grocery,6,3233.4,483.79,2749.61
21695,09-07-2022,5038,Coffee Jar,Grocery,4,4085.04,621.17,3463.87
21696,14-11-2022,5038,Coffee Jar,Grocery,4,3991.36,457.07,3534.29
21697,26-07-2022,5038,Coffee Jar,Grocery,3,2085.93,456.18,1629.75
21698,21-03-2022,5038,Coffee Jar,Grocery,3,5723.04,1237.97,4485.07
21699,16-04-2022,5038,Coffee Jar,Grocery,3,2528.49,158.08,2370.41
21700,03-07-2022,5038,Coffee Jar,Grocery,8,10586.8,2370.24,8216.56
21701,22-11-2022,5038,Coffee Jar,Grocery,2,6848.98,237.41,6611.57
21702,01-09-2022,5038,Coffee Jar,Grocery,1,2408.02,366.38,2041.64
21703,25-10-2022,5038,Coffee Jar,Grocery,2,1003.68,105.47,898.21
21704,12-06-2021,5039,Spice Box,Grocery,7,14305.06,2129.83,12175.23
21705,06-12-2021,5039,Spice Box,Grocery,1,3401.59,662.63,2738.96
21706,06-04-2021,5039,Spice Box,Grocery,7,11356.8,831.14,10525.66
21707,08-08-2021,5039,Spice Box,Grocery,2,3578.44,422.92,3155.52
21708,09-12-2021,5039,Spice Box,Grocery,5,17326.85,4327.34,12999.51
21709,09-12-2021,5039,Spice Box,Grocery,8,19854.88,593.77,19261.11
21710,12-08-2021,5039,Spice Box,Grocery,1,2339.31,134.92,2204.39
21711,10-05-2021,5039,Spice Box,Grocery,2,3579.18,133.28,3445.9
21712,15-03-2021,5039,Spice Box,Grocery,8,27204.88,3535.26,23669.62
21713,17-05-2021,5039,Spice Box,Grocery,6,8708.64,441.67,8266.97
21714,21-01-2021,5039,Spice Box,Grocery,2,6799.94,575.94,6224
21715,25-06-2021,5039,Spice Box,Grocery,6,7346.7,843.29,6503.41
21716,26-10-2021,5039,Spice Box,Grocery,1,649.63,157.34,492.29
21717,08-06-2021,5039,Spice Box,Grocery,7,8808.24,440.96,8367.28
21718,15-10-2021,5039,Spice Box,Grocery,1,2300.38,360.65,1939.73
21719,11-04-2021,5039,Spice Box,Grocery,1,2563.18,135.5,2427.68
21720,19-10-2021,5039,Spice Box,Grocery,2,6330.38,575.56,5754.82
21721,21-07-2021,5039,Spice Box,Grocery,8,8801.36,2034.69,6766.67
21722,07-06-2021,5039,Spice Box,Grocery,5,9401.25,690.85,8710.4
21723,09-08-2021,5039,Spice Box,Grocery,3,5343.72,1312.39,4031.33
21724,16-04-2022,5039,Spice Box,Grocery,2,6936.78,945.28,5991.5
21725,23-12-2022,5039,Spice Box,Grocery,5,14035.05,659.23,13375.82
21726,12-02-2022,5039,Spice Box,Grocery,8,23020.32,2957.77,20062.55
21727,12-08-2022,5039,Spice Box,Grocery,5,15020.05,3451.61,11568.44
21728,02-03-2022,5039,Spice Box,Grocery,3,7467.12,495.29,6971.83
21729,28-08-2022,5039,Spice Box,Grocery,3,2706.18,219.78,2486.4
21730,04-01-2022,5039,Spice Box,Grocery,7,7227.78,1677,5550.78
21731,08-12-2022,5039,Spice Box,Grocery,5,15169.45,3631.23,11538.22
21732,28-10-2022,5039,Spice Box,Grocery,1,988.08,164.43,823.65
21733,21-04-2022,5039,Spice Box,Grocery,3,6642.54,1530.08,5112.46
21734,05-08-2022,5039,Spice Box,Grocery,8,1454.8,99.19,1355.61
21735,12-09-2022,5039,Spice Box,Grocery,5,5529,1294.04,4234.96
21736,11-01-2022,5039,Spice Box,Grocery,8,3047.36,333.31,2714.05
21737,05-08-2022,5039,Spice Box,Grocery,5,13807.3,3050.12,10757.18
21738,05-02-2022,5039,Spice Box,Grocery,4,7382.6,1790.43,5592.17
21739,06-08-2022,5039,Spice Box,Grocery,2,2403.84,227.13,2176.71
21740,26-07-2022,5039,Spice Box,Grocery,3,2319.72,195.51,2124.21
21741,01-07-2022,5039,Spice Box,Grocery,8,3745.76,721.52,3024.24
